Indice|Categoria|Marca|Descripcion|Precio
0|dermocoaching|La Roche Posay|Kit De Viaje Redermic Hyalu C Uv |$8.399
1|dermocoaching|Filorga|Crema Hidratante Y Rejuvenecedora Hydra Filler |$46.099
2|dermocoaching|Filorga|Mascarilla Anti Edad E Iluminadora De La Piel Meso Mask |$40.699
3|dermocoaching|Vichy|Shampoo Dercos Anticaída |$10.599
4|dermocoaching|Vichy|Shampoo Dercos Nutri Reparador |$11.999
5|dermocoaching|Vichy|Desodorante Roll On Para Piel Sensible|$12.999
6|dermocoaching|Vichy|Desodorante  Homme Roll On Para Hombres, Pieles Sensibles|$12.999
7|dermocoaching|Vichy|Desodorante Antitranspirante Roll On 7 Días Para Hombre Y Mujer|$12.999
8|dermocoaching|Vichy|Protector Solar Crema Untuosa Rostro Fps 50+ Idéal Soleil|$16.499
9|dermocoaching|La Roche Posay|Anthelios Dermo Pedíatrics Spf50+ |$16.499
10|dermocoaching|Vichy|Protector Solar Toque Seco Con Color Fps50+ Idéal Soleil|$16.999
11|dermocoaching|Eucerin|Bloqueador En Loción Sun Niños Spf50 |$12.990
12|dermocoaching|Eucerin|Aceite De Ducha Ph5 Shower Oil |$12.999
13|dermocoaching|Eucerin|Ph5 Crema Hidratante Y Reparadora De Manos |$8.699
14|dermocoaching|Eucerin| Jabón Gel Ph5 Syndet 250 ml|$12.499
15|dermocoaching|Eucerin|Complete Repair Piel Seca Crema |$16.999
16|dermocoaching|Eucerin|Bálsamo Calmante Atopic |$19.399
17|dermocoaching|Eucerin|Volume Filler Noche |$29.999
18|dermocoaching|Eucerin|Volume Filler Ojos |$26.299
19|dermocoaching|Eucerin|Sun Crema Facial Spf50 |$16.990
20|dermocoaching|Eucerin|Sun Spray Spf50+ |$16.990
21|dermocoaching|Eucerin|Sun Niños Bl.Spray Spf50+ |$15.990
22|dermocoaching|Eucerin|Sun Niños Bl.Loción Micropigmentos Spf30|$12.990
23|dermocoaching|Eucerin|Sun Loción Spf50 Ligera |$12.990
24|dermocoaching|Eucerin|Sun Gel Crema Spf50 |$16.999
25|dermocoaching|Eucerin|Dermatoclean Leche Limpiadora |$12.399
26|dermocoaching|Eucerin|Dermatoclean Loción Miscelar|$12.999
27|dermocoaching|Eucerin|Hyal Urea Crema Día Antiarrugas|$21.299
28|dermocoaching|Filorga|Crema Contorno De Ojos Optim Eyes|$36.999
29|dermocoaching|Filorga|Espuma/Mouse Desmaquillante Foam Cleanser|$19.999
30|dermocoaching|Filorga|Crema Anti Edad Time Filler|$54.999
31|dermocoaching|Eucerin|Sun Transparente Bl.F50 |$16.990
32|dermocoaching|Eucerin|Hyaluron Filler Relleno De Arrugas |$27.990
33|dermocoaching|Eucerin|Hyaluron Filler Crema Antiedad Día |$27.990
34|dermocoaching|Eucerin|Hyaluron Filler Crema Antiedad Noche X5|$27.990
35|dermocoaching|Vichy|Gel De Limpieza Purete Thermale 400 Ml |$14.799
36|dermocoaching|La Roche Posay|Stick Protector Zonas Sensibles Anthelios 9gr|$10.999
37|dermocoaching|La Roche Posay|Polvo Compacto Unificador Anthelios Crema Compacto N°2 9gr|$25.699
38|dermocoaching|La Roche Posay|Leche Protectora Para Bebés Fps50+ Anthelios |$18.599
39|dermocoaching|La Roche Posay|Spray Protector Anthelios Bruma Fps50+ 200ml|$19.799
40|dermocoaching|Dhs|Shampoo Dhs Clear|$14.999
41|dermocoaching|Dhs|Shampoo Dhs Zinc Para Control De Caspa Y Grasa|$20.999
42|dermocoaching|Bioxsine|Shampoo Anti Caída Forte|$16.999
43|dermocoaching|Bioxsine|Shampoo Anticaida Cabello Graso|$11.999
44|dermocoaching|Ceraderm|Gel Restaurador De La Barrera Cutanea|$14.999
45|dermocoaching|Nuxe|Nuxellence Detox  Tratamiento Nocturno Anti Edad Y Desintoxicante De La Piel|$37.999
46|dermocoaching|Neolucid|Loción Limpiadora, Sustituto Del Jabón|$8.999
47|dermocoaching|Neolucid|Neolucid Ph5 De 250ml|$7.724
48|dermocoaching|Neolucid|Crema Para Piel Atópica Con Omega 6|$8.249
49|dermocoaching|Neolucid|Protector Solar Spf50+|$8.924
50|dermocoaching|Neolucid|Crema Hidratante Con ácido Hialurónico|$15.674
51|dermocoaching|SVR|Sebiaclear, Loción Micelar Purificante |$10.999
52|dermocoaching|SVR|Sebiaclear Cicapeel, Gel Activo Específico Antigranos|$14.699
53|dermocoaching|SVR|Topialyse, Crema Reparadora Para Pieles Secas|$6.990
54|dermocoaching|SVR|Sebiaclear Active, Crema Para Granos Y Puntos Negros|$16.499
55|dermocoaching|SVR|Sebiaclear Gel Moussant, Limpiador En Gel|$10.990
56|dermocoaching|SVR|Physiopure, Loción Micelar 3 En 1 |$13.999
57|dermocoaching|Filorga|Nctf Reverse Mat Tratamiento Regenerador Para Rostro|$69.999
58|dermocoaching|Xerolan|Emoliente Reparador Calmante En Spray|$17.499
59|dermocoaching|Keloplast|Crema Cicatrizante Con Protección Solar|$18.299
60|dermocoaching|Neotone|Tratamiento Despigmentante De Noche |$21.999
61|dermocoaching|Neotone|Crema Aclaradora Protectora De Día|$20.999
62|dermocoaching|Eucerin|Rutina De Tratamiento Para Piel Grasa Dermopurifyer|$21.990
63|dermocoaching|Eucerin|Pack De Crema Antiarrugas Cc Y Rutina De Cuidado |$26.999
64|dermocoaching|Isdin|Foto Protector Ultra Solar Para Piel Intolerante Al Sol|$18.999
65|dermocoaching|Eucerin|Crema P H5 Para Piel Sensible |$12.799
66|dermocoaching|La Roche Posay|Anthelios Dermo Pediatrics Wet Skin Fps50+|$18.399
67|dermocoaching|Vichy|Pack Idéal Soleil Toque Seco Fps50 Y Agua Termal Vichy|$16.499
68|dermocoaching|Vichy|Protector Solar Bruma Invisible Rostro Fps 50+ Idéal Soleil 75ml|$17.990
69|dermocoaching|La Roche Posay|Agua Micelar Effaclar|$3.990
70|dermocoaching|Vichy|Idéal Soleil, Leche Protectora Fps50+|$6.499
71|dermocoaching|Cetaphil|Loción Facial Hidratante De Día |$17.499
72|dermocoaching|Cetaphil|Crema Facial Hidratante De Noche|$16.499
73|dermocoaching|SVR|Sensifine Ar, Cuidado Intensivo Hidratante, Calmante Anti Rojeces|$14.499
74|dermocoaching|SVR|Sensifine Ar, Loción Micelar |$11.499
75|dermocoaching|Vichy|Agua Mineralizante 50 Ml|$3.990
76|dermocoaching|Eau Thermale Avène|Emulsión Reparadora Post Acto Cicalfate Irritaciones Post Acto Dermatológico|$17.999
77|dermocoaching|Eau Thermale Avène|Spray Agua Termal De Avène 300 ml|$13.999
78|dermocoaching|Vichy|Dercos Densi Solutions Concentrado Creador De Masa Capilar|$24.999
79|dermocoaching|La Roche Posay|Hyalu B5 Serum Rellenador Para Piel Sensible|$33.199
80|dermocoaching|SVR|Desodorante Spirial Extreme Regulador De Sudoración|$11.299
81|dermocoaching|SVR|Densitium Bi Serum Antienvejecimiento|$29.499
82|dermocoaching|Vichy|Dercos Densi Solutions Shampoo Densificador|$10.599
83|dermocoaching|Suncare 100|Protector Solar Para Bebés Fps 50+|$13.399
84|dermocoaching|SVR|Limpiador Topialyse Calmante Anti Picores Y Anti Irritaciones|$18.390
85|dermocoaching|SVR|Agua Micelar Desmaquillante Physippure Pureza Y Suavidad|$2.199
86|dermocoaching|La Roche Posay|Protección Solar Anthelios Spf50+ Con Color|$19.790
87|dermocoaching|SVR|Sun Secure After Sun Calmante E Hidratante|$15.099
88|dermocoaching|SVR|Pack Sebiaclear Crema Mat+Pores Y Loción Micelar|$18.599
89|dermocoaching|SVR|Pack Duo Sebiaclear Loción Micelar Purificante|$20.699
90|dermocoaching|Eucerin|Crema Facial Día Anti Pigmento|$22.989
91|dermocoaching|Eucerin|Corrector Anti Pigmento Spot|$16.999
92|dermocoaching|Eucerin|Crema Facial Noche Anti Pigmento|$29.990
93|dermocoaching|La Roche Posay|Hyalu B5 Crema Contorno De Ojos|$24.999
94|dermocoaching|La Roche Posay|Redermic Retinol Crema|$32.199
95|dermocoaching|Ilash|Vitamina Pestañas 5 Ml|$34.999
96|dermocoaching|FRUCTIS|Fru Hair Food Aloe |$3.999
97|dermocoaching|SVR|Concentrado Rellenador Hydraliane Essence 75 Ml|$3.190
98|dermocoaching|NAAY|Bloqueador Solar Adulto Spf 50+|$15.999
99|dermocoaching|Naay|Bloqueador Solar Adulto Spf 30+|$15.999
100|dermocoaching|Isdin|Rutina Antioxidante Flavo C Melatonin & Ultraglican |$20.999
0|dermocoaching|La Roche Posay|Kit De Viaje Redermic Hyalu C Uv |$8.399
1|dermocoaching|Filorga|Crema Hidratante Y Rejuvenecedora Hydra Filler |$46.099
2|dermocoaching|Filorga|Mascarilla Anti Edad E Iluminadora De La Piel Meso Mask |$40.699
3|dermocoaching|Vichy|Shampoo Dercos Anticaída |$10.599
4|dermocoaching|Vichy|Shampoo Dercos Nutri Reparador |$11.999
5|dermocoaching|Vichy|Desodorante Roll On Para Piel Sensible|$12.999
6|dermocoaching|Vichy|Desodorante  Homme Roll On Para Hombres, Pieles Sensibles|$12.999
7|dermocoaching|Vichy|Desodorante Antitranspirante Roll On 7 Días Para Hombre Y Mujer|$12.999
8|dermocoaching|Vichy|Protector Solar Crema Untuosa Rostro Fps 50+ Idéal Soleil|$16.499
9|dermocoaching|La Roche Posay|Anthelios Dermo Pedíatrics Spf50+ |$16.499
10|dermocoaching|Vichy|Protector Solar Toque Seco Con Color Fps50+ Idéal Soleil|$16.999
11|dermocoaching|Eucerin|Bloqueador En Loción Sun Niños Spf50 |$12.990
12|dermocoaching|Eucerin|Aceite De Ducha Ph5 Shower Oil |$12.999
13|dermocoaching|Eucerin|Ph5 Crema Hidratante Y Reparadora De Manos |$8.699
14|dermocoaching|Eucerin| Jabón Gel Ph5 Syndet 250 ml|$12.499
15|dermocoaching|Eucerin|Complete Repair Piel Seca Crema |$16.999
16|dermocoaching|Eucerin|Bálsamo Calmante Atopic |$19.399
17|dermocoaching|Eucerin|Volume Filler Noche |$29.999
18|dermocoaching|Eucerin|Volume Filler Ojos |$26.299
19|dermocoaching|Eucerin|Sun Crema Facial Spf50 |$16.990
20|dermocoaching|Eucerin|Sun Spray Spf50+ |$16.990
21|dermocoaching|Eucerin|Sun Niños Bl.Spray Spf50+ |$15.990
22|dermocoaching|Eucerin|Sun Niños Bl.Loción Micropigmentos Spf30|$12.990
23|dermocoaching|Eucerin|Sun Loción Spf50 Ligera |$12.990
24|dermocoaching|Eucerin|Sun Gel Crema Spf50 |$16.999
25|dermocoaching|Eucerin|Dermatoclean Leche Limpiadora |$12.399
26|dermocoaching|Eucerin|Dermatoclean Loción Miscelar|$12.999
27|dermocoaching|Eucerin|Hyal Urea Crema Día Antiarrugas|$21.299
28|dermocoaching|Filorga|Crema Contorno De Ojos Optim Eyes|$36.999
29|dermocoaching|Filorga|Espuma/Mouse Desmaquillante Foam Cleanser|$19.999
30|dermocoaching|Filorga|Crema Anti Edad Time Filler|$54.999
31|dermocoaching|Eucerin|Sun Transparente Bl.F50 |$16.990
32|dermocoaching|Eucerin|Hyaluron Filler Relleno De Arrugas |$27.990
33|dermocoaching|Eucerin|Hyaluron Filler Crema Antiedad Día |$27.990
34|dermocoaching|Eucerin|Hyaluron Filler Crema Antiedad Noche X5|$27.990
35|dermocoaching|Vichy|Gel De Limpieza Purete Thermale 400 Ml |$14.799
36|dermocoaching|La Roche Posay|Stick Protector Zonas Sensibles Anthelios 9gr|$10.999
37|dermocoaching|La Roche Posay|Polvo Compacto Unificador Anthelios Crema Compacto N°2 9gr|$25.699
38|dermocoaching|La Roche Posay|Leche Protectora Para Bebés Fps50+ Anthelios |$18.599
39|dermocoaching|La Roche Posay|Spray Protector Anthelios Bruma Fps50+ 200ml|$19.799
40|dermocoaching|Dhs|Shampoo Dhs Clear|$14.999
41|dermocoaching|Dhs|Shampoo Dhs Zinc Para Control De Caspa Y Grasa|$20.999
42|dermocoaching|Bioxsine|Shampoo Anti Caída Forte|$16.999
43|dermocoaching|Bioxsine|Shampoo Anticaida Cabello Graso|$11.999
44|dermocoaching|Ceraderm|Gel Restaurador De La Barrera Cutanea|$14.999
45|dermocoaching|Neolucid|Loción Limpiadora, Sustituto Del Jabón|$8.999
46|dermocoaching|Neolucid|Neolucid Ph5 De 250ml|$7.724
47|dermocoaching|Neolucid|Crema Para Piel Atópica Con Omega 6|$8.249
48|dermocoaching|Neolucid|Protector Solar Spf50+|$8.924
49|dermocoaching|Neolucid|Crema Hidratante Con ácido Hialurónico|$15.674
50|dermocoaching|La Roche Posay|Gel De Baño Para Pieles Sensibles|$10.699
51|dermocoaching|SVR|Sebiaclear, Loción Micelar Purificante |$10.999
52|dermocoaching|SVR|Sebiaclear Cicapeel, Gel Activo Específico Antigranos|$14.699
53|dermocoaching|SVR|Topialyse, Crema Reparadora Para Pieles Secas|$6.990
54|dermocoaching|SVR|Sebiaclear Active, Crema Para Granos Y Puntos Negros|$16.499
55|dermocoaching|SVR|Sebiaclear Gel Moussant, Limpiador En Gel|$10.990
56|dermocoaching|Tresemmé|Acondicionador Blindaje Platinum Con P H Bajo|$2.490
57|dermocoaching|Filorga|Nctf Reverse Mat Tratamiento Regenerador Para Rostro|$69.999
58|dermocoaching|Xerolan|Emoliente Reparador Calmante En Spray|$17.499
59|dermocoaching|Keloplast|Crema Cicatrizante Con Protección Solar|$18.299
60|dermocoaching|Neotone|Tratamiento Despigmentante De Noche |$21.999
61|dermocoaching|Neotone|Crema Aclaradora Protectora De Día|$20.999
62|dermocoaching|Eucerin|Rutina De Tratamiento Para Piel Grasa Dermopurifyer|$21.990
63|dermocoaching|Eucerin|Pack De Crema Antiarrugas Cc Y Rutina De Cuidado |$26.999
64|dermocoaching|Isdin|Foto Protector Ultra Solar Para Piel Intolerante Al Sol|$18.999
65|dermocoaching|Eucerin|Crema P H5 Para Piel Sensible |$12.799
66|dermocoaching|La Roche Posay|Anthelios Dermo Pediatrics Wet Skin Fps50+|$18.399
67|dermocoaching|Vichy|Pack Idéal Soleil Toque Seco Fps50 Y Agua Termal Vichy|$16.499
68|dermocoaching|Vichy|Protector Solar Bruma Invisible Rostro Fps 50+ Idéal Soleil 75ml|$17.990
69|dermocoaching|La Roche Posay|Agua Micelar Effaclar|$3.990
70|dermocoaching|Vichy|Idéal Soleil, Leche Protectora Fps50+|$6.499
71|dermocoaching|Vichy|Protector Solar Spray Infantil Spf50+|$17.999
72|dermocoaching|Cetaphil|Loción Facial Hidratante De Día |$17.499
73|dermocoaching|Cetaphil|Crema Facial Hidratante De Noche|$16.499
74|dermocoaching|SVR|Sensifine Ar, Cuidado Intensivo Hidratante, Calmante Anti Rojeces|$14.499
75|dermocoaching|SVR|Sensifine Ar, Loción Micelar |$11.499
76|dermocoaching|Vichy|Agua Mineralizante 50 Ml|$3.990
77|dermocoaching|Eau Thermale Avène|Spray Agua Termal De Avène 300 ml|$13.999
78|dermocoaching|Vichy|Dercos Densi Solutions Concentrado Creador De Masa Capilar|$24.999
79|dermocoaching|La Roche Posay|Hyalu B5 Serum Rellenador Para Piel Sensible|$33.199
80|dermocoaching|SVR|Desodorante Spirial Extreme Regulador De Sudoración|$11.299
81|dermocoaching|SVR|Densitium Bi Serum Antienvejecimiento|$29.499
82|dermocoaching|Vichy|Dercos Densi Solutions Shampoo Densificador|$10.599
83|dermocoaching|SVR|Limpiador Topialyse Calmante Anti Picores Y Anti Irritaciones|$18.390
84|dermocoaching|SVR|Agua Micelar Desmaquillante Physippure Pureza Y Suavidad|$2.199
85|dermocoaching|La Roche Posay|Protección Solar Anthelios Spf50+ Con Color|$19.790
86|dermocoaching|SVR|Sun Secure After Sun Calmante E Hidratante|$15.099
87|dermocoaching|SVR|Pack Sebiaclear Crema Mat+Pores Y Loción Micelar|$18.599
88|dermocoaching|Onglets|Onglets Contorno De Ojos |$10.999
89|dermocoaching|Eucerin|Crema Facial Día Anti Pigmento|$22.989
90|dermocoaching|Eucerin|Corrector Anti Pigmento Spot|$16.999
91|dermocoaching|Eucerin|Crema Facial Noche Anti Pigmento|$29.990
92|dermocoaching|La Roche Posay|Hyalu B5 Crema Contorno De Ojos|$24.999
93|dermocoaching|La Roche Posay|Redermic Retinol Crema|$32.199
94|dermocoaching|Ducray|Serum Global Melascreen Foto Envejecimiento|$29.999
95|dermocoaching|Ilash|Vitamina Pestañas 5 Ml|$34.999
96|dermocoaching|FRUCTIS|Fru Hair Food Aloe |$3.999
97|dermocoaching|SVR|Concentrado Rellenador Hydraliane Essence 75 Ml|$3.190
98|dermocoaching|NAAY|Bloqueador Solar Adulto Spf 50+|$15.999
99|dermocoaching|Naay|Bloqueador Solar Adulto Spf 30+|$15.999
100|dermocoaching|Isdin|Rutina Antioxidante Flavo C Melatonin & Ultraglican |$20.999
0|dermocoaching|La Roche Posay|Kit De Viaje Redermic Hyalu C Uv |$8.399
1|dermocoaching|Vichy|Desmaquillante Integral 3 En 1 |$12.999
2|dermocoaching|Vichy|Neovadiol Densificador Noche Para Pieles Maduras|$31.599
3|dermocoaching|Vichy|Neovadiol Contorno Ojos Y Labios|$29.999
4|dermocoaching|Eucerin|Hyaluron Filler Crema Antiedad Noche X5|$27.990
5|dermocoaching|Eucerin|Loción Reparadora Urea 10%  |$19.399
6|dermocoaching|Eucerin|Hyaluron Filler Sérum Antiarrugas|$25.489
7|dermocoaching|Eucerin|Q10 Active Crema Facial Antiarrugas|$23.599
8|dermocoaching|Eucerin|Shampoo Ph5 Dermocapilar|$10.999
9|dermocoaching|Eucerin|Shampoo  Anticaspa Gel Dermocapilar|$10.699
10|dermocoaching|Vichy|Normaderm, Tónico Astringente |$13.499
11|dermocoaching|La Roche Posay|Leche Corporal Relipidizante Anti Sequedad Lipikar|$19.799
12|dermocoaching|La Roche Posay|Redermic Tratamiento De Relleno Anti Arrugas Para Pieles Normales O Mixtas|$31.299
13|dermocoaching|La Roche Posay|Redermic Tratamiento De Relleno Anti Arrugas Para Pieles Secas|$31.299
14|dermocoaching|La Roche Posay|Corrector Antiojeras Uniformizante Pigmentclar Ojos|$27.699
15|dermocoaching|La Roche Posay|Cuidado Antimanchas Uniformizador Pigmentclar Uv Spf 30|$31.599
16|dermocoaching|Nuxe|Nuxellence Detox  Tratamiento Nocturno Anti Edad Y Desintoxicante De La Piel|$37.999
17|dermocoaching|Eucerin|Hyaluron Filler |$28.399
18|dermocoaching|Vichy|Neovadiol Complejo Sustitutivo|$29.199
19|dermocoaching|Vichy| Neovadiol Sustitutivo Concentrado Para Pieles Maduras|$36.999
20|dermocoaching|Filorga|Cofre Anti Edad Con Crema Time Filler  Y Serum Meso+|$75.490
21|dermocoaching|Vichy|Estuche De Tratamiento Anti Edad Idealia |$29.799
22|dermocoaching|Filorga|Sleep And Peel Crema Rejuvenecedora Facial De Noche|$54.999
23|dermocoaching|Bioderma|Loción Micelar De Limpieza Sensibio H2 O De 250ml 250 ml|$12.999
24|dermocoaching|Neolucid|Jabón En Barra Limpiadora |$5.774
25|dermocoaching|Neolucid|Sustituto Del Jabón En Barra Para Todo Tipo De Piel|$5.549
26|dermocoaching|Emolan|Crema Lanolina Pura|$8.990
27|dermocoaching|Vichy|Shampoo Dercos Anticaspa Para Cabello Graso|$15.599
28|dermocoaching|Vichy|Dercos, Shampoo Para Cuero Cabelludo Sensible|$10.999
29|dermocoaching|Vichy|Shampoo Dercos Sensitive Para Cabello Seco|$10.999
30|dermocoaching|Vichy|Protector Solar Anti Manchas Fps 50+ Idéal Soleil|$12.990
31|dermocoaching|Vichy|Protector Solar Micro Fluido Fps 50+ Idéal Soleil|$11.999
32|dermocoaching|Vichy|Barra De Limpieza Normaderm   Para Pieles Mixtas A Grasas|$5.999
33|dermocoaching|La Roche Posay|Anthelios Toque Seco Con Color Fps 50+|$17.499
34|dermocoaching|SVR|Physiopure, Loción Micelar 3 En 1 |$13.999
35|dermocoaching|Nuxe|Concentrado Nuxellence Para El Contorno De Los Ojos.|$29.699
36|dermocoaching|Filorga|Nutri Filler Lips Bálsamo Labial  Nutrivolumizador|$29.599
37|dermocoaching|Eucerin|Crema Facial Elasticity+Filler, Anti Edad Para Día |$28.599
38|dermocoaching|Eucerin|Crema Facial Elasticity+Filler, Anti Edad Para Noche |$28.599
39|dermocoaching|Eucerin|Aceite Facial Elasticity+Filler Para Piel Madura |$29.990
40|dermocoaching|Eucerin|Estuche Hyaluron Filler Para Pieles Secas|$38.990
41|dermocoaching|Vichy|Normaderm, Exfoliante, Limpiador Y Mascarilla|$15.399
42|dermocoaching|Solactive|Gel Reparador Night Repair |$16.649
43|dermocoaching|MedStyle|Crema Facial Facielle Antired|$17.199
44|dermocoaching|MedStyle|Gel Despigmentante De Rostro Clarigel|$20.599
45|dermocoaching|MedStyle|Clarigel, Jabón En Barra Para Rostro|$10.099
46|dermocoaching|Ruboril|Crema Antirojecimiento Para Pieles Con Tendencia Cuperósica|$16.999
47|dermocoaching|Casaderma|Supreme 50+ Protector Fotodérmico 50ml 50 ml|$25.999
48|dermocoaching|Casaderma|Supreme 50+ Protector Fotodérmico De 200ml 200 ml|$37.899
49|dermocoaching|Casaderma|Sos Sérum Reparador Efecto Inmediato|$29.199
50|dermocoaching|Casaderma|Contour Gel Antibolsas Y Antiojeras|$34.499
51|dermocoaching|Casaderma|Sublime Sérum Rejuvenecedor|$58.699
52|dermocoaching|Casaderma|Radiant Forte Corrector De Manchas|$44.699
53|dermocoaching|Eucerin|Crema De Cuidado Intensivo Da Control|$14.599
54|dermocoaching|Eucerin|Crema Hidratante Facial Aqu Aporin Active|$21.799
55|dermocoaching|Vichy|Pack Mineral 89 Navidad  2019|$20.990
56|dermocoaching|Klorane|Pack Para Cabellos Desvitalizados |$11.999
57|dermocoaching|Klorane|Pack Para Cabellos Secos |$11.999
58|dermocoaching|Klorane|Pack Para Cabellos Teñidos |$11.999
59|dermocoaching|Avène| Pack Facial De Tratamiento Anti Rojeces|$30.999
60|dermocoaching|Avène|Pack Facial Para Signos De Envejecimiento|$41.099
61|dermocoaching|Avène|Pack Facial Para Arrugas Profundas|$41.099
62|dermocoaching|Avène|Pack Facial Para Arrugas Profundas Y Piel Mixta|$31.490
63|dermocoaching|Avène|Pack Facial Indicado Para Las Pieles Maduras|$47.199
64|dermocoaching|Safe Sea|Fotoprotector Spf50 Kids En Spray|$4.990
65|dermocoaching|Eau Thermale Avène|Emulsión Reparadora Post Acto Cicalfate Irritaciones Post Acto Dermatológico|$17.999
66|dermocoaching|Sandtan|Bloqueador Solar Factor 50 Infantil|$5.999
67|dermocoaching|Eucerin|Dermopure Gel Limpiador 200ml|$13.199
68|dermocoaching|Eucerin|Dermopure Gel Limpiador 400ml |$15.599
69|dermocoaching|Eucerin|Dermopure Fluido Hidratante Matificante 50ml |$15.799
70|dermocoaching|Eucerin|Dermopure Loción Micelar|$14.099
71|dermocoaching|Vichy|Liftactiv Supreme, Crema Para Pieles Secas|$27.999
72|dermocoaching|Onglets|Onglest Xl Gel Crecimiento Pestañas Y Cejas|$6.190
73|dermocoaching|Vichy|Pack Liftactiv Supreme Día Y Noche|$27.999
74|dermocoaching|Suncare 100|Protector Solar Para Bebés Fps 50+|$13.399
75|dermocoaching|La Roche Posay|Hyalu B5 Tratamiento Anti Arrugas, Pérdida De Volumen Y Elasticidad|$26.999
76|dermocoaching|Isdin|Loción Hidratante De Avena Para Piel Sensible|$16.399
77|dermocoaching|Latisse|Bimatoprost 0.03% Topico Oft.Liquido|$55.499
78|dermocoaching|La Roche Posay|Bálsamo Corporal Lipikar Baume Ap+|$5.999
79|dermocoaching|Vichy|Protector Solar Idéal Soleil Gel Wet & Dry Skin|$11.990
80|dermocoaching|Vichy|Leche Solar Idéal Soleil Pocket Spf50 Para Llevar|$8.399
81|dermocoaching|Eau Thermale Avène|Mascarilla Calmante Hidratante|$7.699
82|dermocoaching|SVR|Pack Duo Sebiaclear Loción Micelar Purificante|$20.699
83|dermocoaching|SVR|Pack Sebiaclear Crema Active Y Gel De Limpieza|$18.499
84|dermocoaching|SVR|Pack Duo Xerial Crema Corporal Urea Al 10%|$20.999
85|dermocoaching|Head & Shoulders|Acondicionador Edición Invierno Control Caspa  200 ml|$1.799
86|dermocoaching|Eucerin|Serum Hyaluron Peeling |$32.399
87|dermocoaching|Alostim|Suplemento Capilar En Comprimidos|$18.599
88|dermocoaching|Alostim|Nutrición Capilar En Suspensión Oral|$14.199
89|dermocoaching|Alostim|Champú Fortificante + Loción Capilar Anticaída|$23.999
90|dermocoaching|La Roche Posay|Kit De Viaje Redermic Hyalu C Uv |$8.399
91|dermocoaching|Eucerin|Pack Protecion Solar Facial Y Corporal.|$19.990
92|dermocoaching|Onglets|Onglets Contorno De Ojos |$10.999
93|dermocoaching|Protect Tattoo|Protect Tattoo Crema Hidratante|$8.699
94|dermocoaching|Ducray|Serum Global Melascreen Foto Envejecimiento|$29.999
95|dermocoaching|Feelderm|Kerapil Emulsionado 200 Ml|$14.599
96|dermocoaching|KUMIKO|Matcha Micellar Cleansing Water|$18.449
97|dermocoaching|Naay|Gel De áloe Vera|$11.099
98|dermocoaching|SVR|Sun Secure Spf50+|$21.299
99|dermocoaching|Organix|Shampoo Pomegranate&Ginger 385 Ml|$6.499
100|dermocoaching|Organix|Acondicionador Pomegranate&Ginger 385 Ml|$5.999
0|dermocoaching|La Roche Posay|Kit De Viaje Redermic Hyalu C Uv |$8.399
1|dermocoaching|Vichy|Neovadiol Magistral Bálsamo Densificador Nutritivo|$30.999
2|dermocoaching|Vichy|Idéal Soleil, Leche Autobronceante|$15.999
3|dermocoaching|Vichy|Protector Solar En Leche Para Niños  Spf 50  Capital Soleil |$12.490
4|dermocoaching|Eucerin|Aceite Cuerpo Anti Estrias |$14.999
5|dermocoaching|Eucerin|Acute Lip Balm |$7.699
6|dermocoaching|Eucerin|Anti Enrojecimiento Crema |$19.999
7|dermocoaching|La Roche Posay|Protector Solar Factor 50 Para Cuerpo|$15.690
8|dermocoaching|La Roche Posay|Anthelios Xl Spf50+ Toque Seco |$16.986
9|dermocoaching|La Roche Posay|Anthelios Dermo Pe Díatrics  Spf50 |$15.490
10|dermocoaching|Eucerin|Shampoo Revitalizante  Anticaída Dermocapilar|$10.699
11|dermocoaching|Eucerin|Volume Filler Día |$29.999
12|dermocoaching|Eucerin|Hyaluron Filler Crema Ojos |$25.499
13|dermocoaching|Eucerin|Sun Fluido Matificante Spf50 |$16.990
14|dermocoaching|La Roche Posay|Agua Termal Pieles Sensibles 150 grs|$12.499
15|dermocoaching|La Roche Posay|Cuidado Antimanchas Uniformizador Pigmentclar Uv Spf 30|$31.599
16|dermocoaching|Isdin|Fotoprotector Solar Compacto Matificante  Color Bronce Spf 50+ |$23.799
17|dermocoaching|Eucerin|Estuche Anti Edad Volume Lift Crema De Día +Miniaturas|$29.999
18|dermocoaching|Eucerin|Estuche Rutina De Cuidado Anti Edad Dermo Densifyer De Día Y De Noche|$31.999
19|dermocoaching|Eucerin|Estuche De Tratamiento Facial Aqu Aporin Active Para Piel Normal A Mixta|$21.999
20|dermocoaching|Eau Thermale Avène|Cuidado Calmante Para El Contorno De Ojos|$9.999
21|dermocoaching|Puresonic|Limpiador Y Rejuvenecedor Facial Eléctrico|$39.999
22|dermocoaching|Vichy|Agua Thermal |$11.299
23|dermocoaching|CellSkinLab|Tratamiento Preventivo Y Correctivo Antiedad|$39.999
24|dermocoaching|Isdin|Crema Antiarrugas Para Pieles Secas Spf20|$20.899
25|dermocoaching|Filorga|Nutri  Filler Infusión Nutritiva Y Rellenadora Para Pieles Secas|$53.999
26|dermocoaching|Texgel|Gel Para El Crecimiento De Pestañas|$13.999
27|dermocoaching|Vichy|Normaderm Gel Limpiador Para Pieles Sensibles|$5.399
28|dermocoaching|Vichy|Desmaquillante Triple Acción Para Pieles Sensibles|$14.699
29|dermocoaching|Vichy|Desmaquillante 3 En 1 Para Pieles Sensibles |$14.999
30|dermocoaching|Vichy|Fondo De Maquillaje Efecto Lifting Radiante|$27.499
31|dermocoaching|La Roche Posay|Anthelios Toque Seco Con Color Fps 50+|$17.499
32|dermocoaching|La Roche Posay|Protección Solar En Bruma Invisible Para El  Rostro  Fps50|$17.999
33|dermocoaching|La Roche Posay|Protector Solar De Cuerpo En Spray  Fps 50+|$16.999
34|dermocoaching|La Roche Posay|Iso Urea Leche Corporal|$27.899
35|dermocoaching|Vichy|Dercos, Mascarilla Nutrireparadora|$11.999
36|dermocoaching|Eau Thermale Avène|Crema Alisadora De Día Physio Lift Arrugas Instaladas, Pérdida De Firmeza|$30.999
37|dermocoaching|Eau Thermale Avène|Bálsamo Alisante De Noche Physio Lift Arrugas Instaladas, Pérdida De Firmeza|$31.499
38|dermocoaching|Eau Thermale Avène|Contorno De Ojos Alisante Physio Lift Arrugas Instaladas, Pérdida De Firmeza|$27.999
39|dermocoaching|Isdin|Fotoprotector Fusión Water|$13.990
40|dermocoaching|Filorga|Estuche De Rutina Anti Edad Time Zero|$67.490
41|dermocoaching|Teenderm|Teen Derm Hydra Crema Hidratante Compensador Recuperadora|$13.999
42|dermocoaching|Teenderm|Tratamiento Antiimperfecciones Cuidado Intenso|$13.999
43|dermocoaching|Teenderm|Gel Limpiador Purificante |$13.999
44|dermocoaching|Ruboril|Gel/Crema Antienrojecimiento Para Pieles Sensibles Con Tendencia Cuperósica|$17.399
45|dermocoaching|Casaderma|Radiant Forte Corrector De Manchas|$44.699
46|dermocoaching|Filorga|Agua Micelar Antienvejecimiento|$22.199
47|dermocoaching|Casaderma|Gen Sinergy Light Emoliente Antiedad Piel Grasa O Mixta|$67.799
48|dermocoaching|Casaderma|Gen Sinergy Rich Emoliente Antiedad Piel Seca|$67.799
49|dermocoaching|Casaderma|Gen Peel Renovador Celular|$54.099
50|dermocoaching|Ducray|Acondicionador Fortificante Anticaída Anaphase+ Complemento De Los Tratamientos Anticaída|$6.999
51|dermocoaching|Xeragel|Gel De Silicona Para Cicatrices Y Queloides|$34.999
52|dermocoaching|Xerac Ac|Antitranspirante Para Hiperhidrosis|$21.999
53|dermocoaching|Suavigel|Suavigel, Tratamiento Protector Calmante |$10.999
54|dermocoaching|Vichy|Mineral 89, Tónico Facial Hidratante Con ácido Hialurónico De 50ml. 50 ml|$21.899
55|dermocoaching|Vichy|Desmaquillante Integral 3 En 1 |$3.990
56|dermocoaching|Vichy|Dercos, Shampoo Energizante |$14.999
57|dermocoaching|Isdin|Fotoprotector Sun Brush Fps50+|$21.999
58|dermocoaching|Isdin|Pack Ureadin Loción Hidratante Y Gel Protector Solar|$19.999
59|dermocoaching|Isdin|Rutina De Cuidado Facial Plus|$32.999
60|dermocoaching|Isdin|Rutina Facial Matificante|$14.999
61|dermocoaching|Isdin|Rutina Facial Antiedad|$32.999
62|dermocoaching|Isdin|Loción Hidratante Spray & Go|$11.999
63|dermocoaching|Vichy|Idéal Soleil, Protector Solar Anti Arena  Spf50 |$19.499
64|dermocoaching|Cluny|Pack De Toallitas Desmaquillantes|$1.799
65|dermocoaching|Suncare 100|Protector Solar Transparente Fps50|$17.999
66|dermocoaching|Vichy|Pack Normaderm Skin Balance |$10.299
67|dermocoaching|Safe Sea|Fotoprotector Spf30 Spray|$4.990
68|dermocoaching|Eau Thermale Avène|Fluido Mineral Con Color Spf 50+  Protección Solar    Pieles Intolerantes|$12.599
69|dermocoaching|Hada Labo Tokyo|Pack H. Labo Crema Redensificante + Reafirmante|$34.099
70|dermocoaching|Filorga|Pack Filorga Super Skin Quality|$88.990
71|dermocoaching|Filorga|Pack Filorga Super Mosturizer |$49.999
72|dermocoaching|Vichy|Serum Antifatiga Liftactiv Fresh Shot|$23.999
73|dermocoaching|Vichy|Pack Normaderm Skin Corrector, Incluye Gel De Limpieza Purificante |$18.699
74|dermocoaching|Filorga|Crema Anti Arruga Matificante Time Filler  Mat|$54.999
75|dermocoaching|Avène|Pack Physiolift Crema De Día Y Loción Micelar|$30.999
76|dermocoaching|Avène|Pack Ystheal Tratamiento Anti Edad Y Loción Micelar|$29.990
77|dermocoaching|Essentiel|Tonifier Crema Corporal Reductora|$33.999
78|dermocoaching|Vichy|Pack Homme Hidra Mag C.Padre|$22.999
79|dermocoaching|Vichy|Normaderm Phyto Solution 50 Ml|$17.499
80|dermocoaching|Vichy|Gel Purificante Normaderm Phyto Solution |$10.999
81|dermocoaching|Vichy|Gel Purificante Normaderm Phyto Solution |$15.999
82|dermocoaching|Isdin|Medicis Desodorante Roll On|$8.999
83|dermocoaching|Isdin|Medicis Espuma De Afeitar|$8.999
84|dermocoaching|Isdin|Acniben Gel 150+Gel  Cr .40 M|$12.999
85|dermocoaching|Isdin|Acniben On The Spot|$8.999
86|dermocoaching|Isdin|Acniben Teen Body|$14.999
87|dermocoaching|Heliocare|Heliocare 360 Comp. Beige F50 X15g |$26.500
88|dermocoaching|Casaderma|Detox Agua Micelar Antipolución|$26.199
89|dermocoaching|Sedal|Acondicionador Bomba Coco |$2.990
90|dermocoaching|Nuxe|Creme Prodigieuse Boost Concentrado Preparador|$22.999
91|dermocoaching|Nuxe|Creme Prodigieuse Boost Gel Crema Facial |$27.399
92|dermocoaching|Nuxe|Creme Prodigieuse Boost Gel Bálsamo |$22.099
93|dermocoaching|Nuxe|Creme Prodigieuse Boost Bálsamo Aceite Facial De Noche |$29.599
94|dermocoaching|DS Laboratories|Spectral F7|$24.999
95|dermocoaching|DS Laboratories|Loción Tratamiento Spectral Dnc N |$24.999
96|dermocoaching|DS Laboratories|Loción Spectral Csf |$23.999
97|dermocoaching|DS Laboratories|Shampoo Anticaída Revita |$16.999
98|dermocoaching|DS Laboratories|Acondicionador Estimulante Revita |$16.999
99|dermocoaching|LA ROCHE- POSAY|Kit Micelar 100 Ml Effaclar+ Hyalu B5 Serum 10 Ml |$4.990
100|dermocoaching|LA ROCHE- POSAY|Kit Micelar 100 Ml Piel Reactiva+ Mini Máscara Volumen |$4.990
0|dermocoaching|La Roche Posay|Kit De Viaje Redermic Hyalu C Uv |$8.399
1|dermocoaching|Eucerin|Pack Protector Solar Spf50|$21.899
2|dermocoaching|Eucerin|Bálsamo After Shave |$14.999
3|dermocoaching|Eucerin|Crema Reparadora Pies 10% Urea Piel Sensible |$12.999
4|dermocoaching|Eucerin|Aquaphor Ungüento De 50ml 50 ml|$8.999
5|dermocoaching|Aderma|Crema Para Pieles Atópicas|$15.999
6|dermocoaching|Eau Thermale Avène|Spray Agua Termal De Avène 150 ml|$9.990
7|dermocoaching|Nuxe|Bloqueador Sun Crema Facial Fps 50 50ml|$17.499
8|dermocoaching|Nuxe|Bloqueador Sun Crema Facial Fps 30 50ml|$15.799
9|dermocoaching|Vichy|Tratamiento Idéalia Noche 50ml|$29.699
10|dermocoaching|La Roche Posay|Estuche De Rutina Hidratación Intensa|$20.999
11|dermocoaching|Eucerin|Estuche Aquaporin Para Piel Normal A Mixta Más De Rutina|$18.990
12|dermocoaching|Eucerin|Estuche Tratamiento Anti Manchas De Día Con Set De Rutina De Regalo|$39.990
13|dermocoaching|La Roche Posay|Pack De Rutina Para Pieles Grasas|$7.990
14|dermocoaching|Vichy|Pack De Cremas Idéalia De Cuerpo Y Manos|$12.499
15|dermocoaching|Eucerin|Estuche Tratamiento Para La Densidad De La Piel|$43.990
16|dermocoaching|SVR|Liftiane Crema, Tratamiento Antiarrugas |$23.090
17|dermocoaching|SVR|Topialyse, Crema De Manos|$8.990
18|dermocoaching|SVR|Pack Liftiane, Crema Ligera De 50 Ml. Y Liftiane Contorno De Ojos De 30 Ml.|$39.999
19|dermocoaching|SVR|Densitium, Pack Crema Reafirmante Y Crema Para Contorno De Ojos|$23.999
20|dermocoaching|SVR|Densitium, Pack De Crema De Rostro Riche Y Crema Contorno De Ojos|$23.999
21|dermocoaching|Suncare 100|Protector Solar Para Cara Y Cuello Fps50+|$18.199
22|dermocoaching|Suncare 100|Protector Solar Para Niños Y Bebés Con Fps50+|$19.999
23|dermocoaching|Suncare 100|Protector Solar Gel Crema Para Todo Tipo De Piel Fps50+|$18.999
24|dermocoaching|Suncare 100|Protector Solar Fluid Color Para Rostro Y Cuello Fps50+|$18.990
25|dermocoaching|Vichy|Solución Micelar Desmaquillante|$3.990
26|dermocoaching|Eucerin|Rutina Facial Antimanchas De Día Y Noche|$29.199
27|dermocoaching|Eucerin|Rutina Antiarrugas Hyaluron Filler Día Y Noche|$42.990
28|dermocoaching|Eucerin|Protector Solar Antiarrugas Sp50|$17.999
29|dermocoaching|Eucerin|Protector Solar Cc Cream Fps50+|$17.990
30|dermocoaching|Eucerin|Pack Antiarrugas Hyaluron   Filler Y Rutina De Cuidado Facial|$25.599
31|dermocoaching|Eucerin|Pack De Rema Hidratante Bajo La Ducha Y Protector Solar|$20.599
32|dermocoaching|Eucerin|Rutina De Cremas Antiarrugas Eucerin Hyaluron|$27.990
33|dermocoaching|Vichy|Normaderm Skin Balance|$11.099
34|dermocoaching|Vichy|Dercos, Shampoo Anticaspa Cabello Seco|$5.399
35|dermocoaching|Vichy|Normaderm, Gel De Limpieza Purificante|$6.299
36|dermocoaching|La Roche Posay|Effaclar Duo+ Tratamiento Anti Acné Fps30+|$20.599
37|dermocoaching|Eucerin|Crema Facial Aquaporin Para Piel Sensible|$21.999
38|dermocoaching|Eucerin|Bloqueador En Spray Transparente De Toque Seco|$17.999
39|dermocoaching|Puresonic|Repuesto Cabezal De Cepillo Pure Sonic|$1.839
40|dermocoaching|Vichy|Tratamiento Idéalia Peeling|$31.899
41|dermocoaching|Heliocare|Protector Solar Com Oil Free Fps50+ Color Brown. #4A2D25|$25.999
42|dermocoaching|Heliocare|Protector Solar Gel Cream Fps50 Color Light. #EFBE93|$17.399
43|dermocoaching|CellSkinLab|Crema Ultra Reafirmante Y Reparadora De La Piel Skin Advance |$35.999
44|dermocoaching|Ruboril|Fluido Concentrado Antirojeces Ruboril Expert Intense|$17.999
45|dermocoaching|Vichy|Pack Hidra Mag C Navidad 2019|$22.990
46|dermocoaching|La Roche Posay|Tratamiento Redermic C Uv|$10.999
47|dermocoaching|La Roche Posay|Lipikar Stick Ap+ Anti Picor|$8.999
48|dermocoaching|Vichy|Mineral 89 Concentrado Fortificante E Hidratante 30 ml|$12.999
49|dermocoaching|CellSkinLab|Pack Csl Anti Age M 2018|$39.999
50|dermocoaching|SVR|Crema Topialyse Para Pieles Atópicas|$18.999
51|dermocoaching|Solactive|Solactive Lips |$6.999
52|dermocoaching|Aussie|Acondicionador 3 Min Miracle Moist |$3.989
53|dermocoaching|La Roche Posay|Pure Vitamin C10 Serum |$33.199
54|dermocoaching|Heliocare|Heliocare 360 Comp. Bronze F50 X15g|$26.500
55|dermocoaching|Heliocare|Heliocare 360 Fluid Cream Spf50 X50ml|$20.999
56|dermocoaching|Heliocare|Heliocare 360 Gel Oil Free Spf50 X50ml|$19.699
57|dermocoaching|Heliocare|Heliocare 360 Mineral Fluid Spf50 X50ml|$20.999
58|dermocoaching|Klorane|Acondicionador Menta |$9.999
59|dermocoaching|Klorane|Shampoo Menta |$7.999
60|dermocoaching|Klorane|Spray Menta|$14.999
61|dermocoaching|Eucerin|Serum Anti Pigmento Peeling|$33.999
62|dermocoaching|Nuxe|Creme Prodigieuse Boost Bálsamo Aceite Facial De Noche |$29.599
63|dermocoaching|Eau Thermale Avène|Serum Alisante Rellenador Physio Lift Arrugas Instaladas, Pérdida De Firmeza|$31.499
64|dermocoaching|Vichy|Neovadiol Phytosculpt 50 Ml|$24.999
65|dermocoaching|Vichy|Minéral 89 Ojos 15 Ml|$17.499
66|dermocoaching|La Roche Posay|Anthelios Shaka Fluido Fps50+ |$17.299
67|dermocoaching|La Roche Posay|Anthelios Shaka Fluido Fps50+ Con Color|$17.790
68|dermocoaching|Eau Thermale Avène|Fluido Anti Imperfecciones Con Color Cleanance Spf50+ Protección Solar   Pieles Grasas Con Imperfecciones|$11.899
69|dermocoaching|Eucerin|Spray Sun Trigger Niño 	|$14.990
70|dermocoaching|Cospiel|Tratamiento Humectante Prolongado|$14.999
71|dermocoaching|Protect Tattoo|Protect Tattoo Cicatrices|$8.699
72|dermocoaching|La Roche Posay|Redermic Hyalu C Uv, Tratamiento Anti Arrugas|$32.999
73|dermocoaching|Isdin|Fotoprotector Gel Crema Tacto Ligero Extrem  Spf50|$15.999
74|dermocoaching|Isdin|Fotoprotector Pediatrico Loción En Spray Spf50|$17.999
75|dermocoaching|Bioderma|Crema Facial Contra El Enrojecimiento Sensibio Ar |$16.999
76|dermocoaching|Bioderma|Photoderm Ar Crema F50|$15.399
77|dermocoaching|Isdin|Crema Nutratopic Rx Coadyuvante Dermatológico En Crema Piel Atópica|$17.599
78|dermocoaching|Cetaphil|Barra Limpiadora Para Piel Seca Y Sensible|$17.099
79|dermocoaching|Cetaphil|Crema Hidratante Corporal|$25.899
80|dermocoaching|Vichy|Protector Solar Toque Seco Fps50+ Idéal Soleil 50ml|$16.490
81|dermocoaching|Avène|Gel Limpiador  Cleanance|$13.999
82|dermocoaching|Dhs|Shampoo Para El Control De La Caspa, Psoriasis Y Dermatitis Seborreica|$17.999
83|dermocoaching|Drysol|Solución Antitranspirante Recomendado Para La Hiperhidrosis|$26.999
84|dermocoaching|Isdin|Máscara Hidrogel|$5.999
85|dermocoaching|Neosolets|Neosolets 8% Aha Crema Exfoliante De 50gr|$29.699
86|dermocoaching|Eucerin|Pack Antiarrugas Hyaluron Filler +Elasticity Rutina Día Y Noche|$39.999
87|dermocoaching|Eucerin|Pack Antiarrugas Hyaluron Filler Rutina Día Piel Seca|$27.599
88|dermocoaching|Isdin|Protector Labial Spf30|$7.599
89|dermocoaching|Isdin| Shampoo Scaly Skin Alsora|$19.199
90|dermocoaching|Vichy|Pack Liftactiv Fresh Shot Navidad 2019|$21.990
91|dermocoaching|SVR| Clairial Crema Con Color Spf50+ Medium|$22.999
92|dermocoaching|La Roche Posay|Anthelios Pocket Adulto Fps50+|$8.499
93|dermocoaching|Kumiko|Matcha Sculpting Eye Lift|$45.449
94|dermocoaching|Kumiko|Matcha Intense Recovery   Proteoglycans Plus|$52.499
95|dermocoaching|Eau Thermale Avène|Serum Esencial Derm Absolu Densidad Y Vitalidad|$32.999
96|dermocoaching|BABÉ|Jabón De  Aceite |$21.099
97|dermocoaching|BABÉ|Jabón Hidra Calm |$15.699
98|dermocoaching|Nuxe|Nuxellence|$29.199
99|dermocoaching|Vichy|Slow Age Noche|$28.999
100|dermocoaching|Essentiel| Tónico Facial 100% Natural|$19.999
0|dermocoaching|La Roche Posay|Kit De Viaje Redermic Hyalu C Uv |$8.399
1|dermocoaching|La Roche Posay|Redermic Hyalu C Uv, Tratamiento Anti Arrugas|$32.999
2|dermocoaching|La Roche Posay|Desmaquillante Toilette Physiologique Solución Micelar|$13.999
3|dermocoaching|La Roche Posay|Gel Mousse Purificante Effaclar Gel |$11.499
4|dermocoaching|La Roche Posay|Gel Hidratante Hydraphase Intense Serum |$30.899
5|dermocoaching|Vichy|Tratamiento Anti Arrugas Liftactiv Serum 10 |$37.499
6|dermocoaching|La Roche Posay|Toleriane Ultra|$18.999
7|dermocoaching|Isdin|Fluido Protector Foto Ultra 100 Spot Prevent|$19.999
8|dermocoaching|Isdin|Fluido Protector 100 Active Unify Fusion Color Spf 50|$20.999
9|dermocoaching|Isdin|Fotoprotector En Spray Wet Skin Spf 50|$18.499
10|dermocoaching|Nuxe|Crema De Manos Y Uñas  Rêve De Miel |$7.290
11|dermocoaching|Nuxe|  Leche Fluida Corporal Hidratante 24h |$16.999
12|dermocoaching|Nuxe|Agua Desmaquillante Micelar Con Pétalos De Rosas |$12.999
13|dermocoaching|Cetaphil|Protector Solar En Loción Cetaphil Sun Kids F50|$14.069
14|dermocoaching|Ceraderm|Serum Hidratante Y Anti Edad|$24.990
15|dermocoaching|Dermablock|Dermablock City Emulsión Para Una Piel De Ciudad|$12.149
16|dermocoaching|Isdin|Gel Crema Facial Nutradeica Antiseborreica |$15.099
17|dermocoaching|Isdin|Ureadin Fusion Serum Lift Antiarrugas X3|$31.899
18|dermocoaching|Isdin|Gel Limpiador Acniben|$10.499
19|dermocoaching|Isdin|Shampoo Antiseborreico Y Anti Caspa Nutradeica Rx|$13.999
20|dermocoaching|Isdin|Loción Emoliente Nutratopic Para Piel Atópica |$21.199
21|dermocoaching|Cetaphil|After Sun Para Hidratar La Piel Posterior A La Exposición Solar |$9.449
22|dermocoaching|Cetaphil|Protector Solar En Gel Ligero Para El Rostro Spf 50+|$13.789
23|dermocoaching|Isdin|Nutraisdin Crema Reparador Perioral Bebé |$7.699
24|dermocoaching|Cetaphil|Pro Ad Control Limpieza|$22.099
25|dermocoaching|Suncare|Protector Labial F50 5g|$3.599
26|dermocoaching|Eau Thermale Avène|Crema Para Manos Concentrada Cold Cream|$8.599
27|dermocoaching|SVR|Spirial, Desodorante En Crema |$7.990
28|dermocoaching|Eau Thermale Avène|Stick Labial Nutritivo Y Protector Cold Cream|$5.999
29|dermocoaching|Vichy|Protector Solar Rostro Bb Fps50+ 50ml Idéal Soleil|$17.499
30|dermocoaching|Vichy|Aqualia Thermal, Serum Hidratante|$30.199
31|dermocoaching|Vichy|Liftactiv Flexilift Teint, Base Antiarrugas Y Reafirmante Spf20 Color Nude Nº25 Nude Nº25|$25.999
32|dermocoaching|La Roche Posay|Effaclar Bb Blur|$22.899
33|dermocoaching|Vichy|Leche Corporal Hidratante Idéal Soleil |$17.990
34|dermocoaching|La Roche Posay|Contorno De Ojos Anti Irritacion Anti Bolsas Toleriane Ultra Ojos 20 Ml|$16.999
35|dermocoaching|Vichy|Gel De Limpieza Purete Thermale 200 Ml|$13.999
36|dermocoaching|Vichy|Mousse De Limpieza Purete Thermale 150 Ml  |$14.999
37|dermocoaching|Vichy|Shampoo Anti Caspa Graso Dercos 200 Ml|$10.599
38|dermocoaching|La Roche Posay|Jabón En Barra Lipikar Antisequedad|$12.499
39|dermocoaching|Vichy|Homme Hydra Mag C Tratamiento Hidratante Anti Fatiga Rostro Y Ojos|$23.999
40|dermocoaching|La Roche Posay|Gel De Ducha Para Piel Sensible Lipikar |$15.599
41|dermocoaching|La Roche Posay|Loción Desmaquillante Effaclar |$12.499
42|dermocoaching|Eau Thermale Avène|Loción Micelar Desmaquillante|$15.999
43|dermocoaching|Isdin|Maquillaje Fotoprotector Compacto Arena|$23.799
44|dermocoaching|Ducray|Champú Tratante Reductor Antirecidivas Kelual Ds   Cuero Cabelludo Con Estados Descamativos Severos|$13.999
45|dermocoaching|Vichy|Dermablend Base Correctora Compacta De Alta Cobertura N°45 |$27.299
46|dermocoaching|Vichy|Polvo Fijador Dermablend 16hr |$29.999
47|dermocoaching|Nuxe|Aceite Adelgazante Celulitis Infiltrada Nuxe Body|$25.199
48|dermocoaching|SVR|Liftiane, Serum Anti Envejecimiento Y Reafirmante De Rostro |$26.499
49|dermocoaching|SVR|Topialyse, Hidratante Labial Y Calmante |$4.990
50|dermocoaching|SVR|Sebiaclear, Crema De Rostro Hidratante Y Matificante Fps50+|$15.699
51|dermocoaching|Vichy|Pack De Máscarillas Faciales En Base A Minerales|$12.999
52|dermocoaching|Klorane|Agua Floral Desmaquillante|$12.999
53|dermocoaching|Klorane|Bb Cream Para Contorno De Ojos|$9.999
54|dermocoaching|Klorane|Shampoo De Avena En Seco Para Cabellos Claros|$11.999
55|dermocoaching|Proaven|Loción Emoliente|$11.199
56|dermocoaching|Folex|Solución En Lápiz Contra Hongos|$13.299
57|dermocoaching|Eucerin|Pack Antiarrugas Hyaluron Filler Rutina Día Piel Seca + Mist|$28.199
58|dermocoaching|Eucerin|Pack Antiarrugas Hyaluron Filler Rutina Día Y Noche Piel Seca|$37.499
59|dermocoaching|Eucerin|Pack Antiarrugas Volume Filler Rutina Día Y Noche Piel Seca|$37.499
60|dermocoaching|Eucerin|Hyaluron Mist Spray Con ácido Hialurónico|$9.999
61|dermocoaching|SVR|Pack Svr Hydracid C20, Incluye Liftiane Contorno De Ojos|$33.990
62|dermocoaching|Vichy|Tratamiento Slow Age Fluido Spf40|$23.999
63|dermocoaching|Vichy|Tratamiento Slow Age Crema Spf 30|$28.999
64|dermocoaching|Vichy|Tratamiento Slow Age Ojos|$21.999
65|dermocoaching|Vichy|Idéal Soleil Agua De Protección Solar Hidratante Fps 30  |$10.999
66|dermocoaching|Vichy|Idéal Soleil Agua De Protección Solar Antioxidante Fps 30|$10.999
67|dermocoaching|Vichy|Pack Collagen Specialist Navidad 2019|$31.990
68|dermocoaching|Vichy|Pack Liftactiv Supreme  Día Navidad 2019|$27.990
69|dermocoaching|Vichy|Pack Neovadiol Día  Navidad 2019|$28.490
70|dermocoaching|Vichy|Pack Neovadiol Día 75 Ml+ Noche Navidad 2019|$44.990
71|dermocoaching|Vichy|Pack Liftactiv Día 75 Ml+ Noche Navidad 2019|$44.990
72|dermocoaching|La Roche Posay|Redermic R Ojos|$30.699
73|dermocoaching|Essentiel|Lisse, Tratamiento Integral Estrías Y Cicatrices, Sin Color|$39.999
74|dermocoaching|Kumiko|Matcha Perfect Advanced Shield|$62.799
75|dermocoaching|SVR|Pack Lift Cr+Ojos Lab+Bols|$39.990
76|dermocoaching|SVR|Pack Duo Aguas Micelar|$19.990
77|dermocoaching|SVR|Pack Duo Sebiaclear Gel Mou|$18.999
78|dermocoaching|SVR|Pack Duo Topialyse Stick|$7.999
79|dermocoaching|Eau Thermale Avène|Crema De Día Esencial Derm Absolu Densidad Y Vitalidad|$30.999
80|dermocoaching|Eau Thermale Avène|Contorno De Ojos Rejuvenecedor Derm Absolu Densidad Y Vitalidad|$28.999
81|dermocoaching|Eau Thermale Avène|Bálsamo De Noche Regenerador Derm Absolu Densidad Y Vitalidad|$30.999
82|dermocoaching|Germisdin|Toalla Higiene íntima|$8.699
83|dermocoaching|Isdin|Solución Micelar|$8.399
84|dermocoaching|Isdin|Woman Antiestrías|$20.099
85|dermocoaching|BABÉ|Ampollas Bicalm+ 10 Uds |$26.099
86|dermocoaching|BABÉ|Ampollas Bicalm+ 2 Uds |$8.399
87|dermocoaching|BABÉ|Limpiador Purificante|$13.599
88|dermocoaching|BABÉ|Masc. Seboreguladora|$22.099
89|dermocoaching|BABÉ|Serum Concentrado A Edad|$24.099
90|dermocoaching|BABÉ|Urea 10% Loción Reparadora 5|$18.999
91|dermocoaching|SENSICLEAN|Sensiclean|$14.999
92|dermocoaching|Vichy|Slow Age Noche|$28.999
93|dermocoaching|Ducray|Crema De Noche Melascreen Foto Envejecimiento|$27.999
94|dermocoaching|Vichy|Mineral 89|$25.999
95|dermocoaching|SVR|Brume Secure Sun Spf50|$19.099
96|dermocoaching|Cetaphil|Gel Ligero Con Color Sun Fps50+|$12.459
97|dermocoaching|Nuxe|Gel Hidratante Facial|$16.799
98|dermocoaching|Isdin|Foto Ultra Active Unify |$19.999
99|dermocoaching|Isdin|Baby  Nutraisdin Zn40|$11.999
100|dermocoaching|Nuxe|Duo Petal Rosas Micel|$20.999
0|dermocoaching|La Roche Posay|Kit De Viaje Redermic Hyalu C Uv |$8.399
1|dermocoaching|La Roche Posay| Serum Concentrado Anti Edad Substiane|$36.699
2|dermocoaching|La Roche Posay|Cicaplast Baume B5 40 ml|$6.299
3|dermocoaching|La Roche Posay|Tratamiento Anti Edad Substiane Ligere 40 ml|$34.099
4|dermocoaching|La Roche Posay|Gel Anti Enrojecimiento Rosaliac Ar |$24.699
5|dermocoaching|La Roche Posay|Hidratante Anti Rojeces Rosaliac Uv |$24.599
6|dermocoaching|Nuxe|Agua Desmaquillante Micelar Con Pétalos De Rosas |$12.999
7|dermocoaching|Nuxe|Leche Desmaquillante Confort Con Pétalos De Rosas |$12.999
8|dermocoaching|Nuxe|Crema Anti Edad  Nuxellence éclat |$35.999
9|dermocoaching|Nuxe|Crema Para Matificar Y Afinar Los Poros |$19.999
10|dermocoaching|Nuxe| Loción Tónica Suave Con Pétalos De Rosas |$11.999
11|dermocoaching|Nuxe|Gel Limpiador Y Desmaquillante De Rostro  Rêve De Miel|$11.999
12|dermocoaching|Isdin|Pomada Reparadora Nutraisdin Zn 40 |$7.799
13|dermocoaching|Isdin|Crema Facial  Para Piel Atópica Nutratopic Pro Amp |$13.399
14|dermocoaching|Isdin|Acniben Gel/Cr Equilibrante|$15.099
15|dermocoaching|La Roche Posay|Limpiador Toleriane Dermo Nettoyant|$16.099
16|dermocoaching|La Roche Posay|Tratamiento Anti Edad Substiane Para Ojos |$30.799
17|dermocoaching|SVR|Spirial, Desodorante Roll On|$9.299
18|dermocoaching|Isdin|Gel De Baño Emoliente
Piel Atópica Nutratopic Pro Amp 400ml|$14.399
19|dermocoaching|Eau Thermale Avène|Loción Micelar Desmaquillante|$12.999
20|dermocoaching|Eau Thermale Avène|Autobronceante Hidratante   Gel Satinado Rostro & Cuerpo|$11.199
21|dermocoaching|Suncare|Protector Solar En Crema Para Pieles Normales A Secas. F50+ 90g|$16.599
22|dermocoaching|La Roche Posay|Base Correctora Toleriane Teint Tono 15 30 Ml|$24.999
23|dermocoaching|Vichy|Fondo De Maquillaje Corrector Dermablend Tono Sand N°35 Sand N°35|$22.899
24|dermocoaching|La Roche Posay|Kerium, Shampoo Anti Caspa Grasa|$16.899
25|dermocoaching|La Roche Posay|Aceite De Baño Lipikar 200ml|$11.999
26|dermocoaching|Vichy|Fondo De Maquillaje Corrector Dermablend Tono Nude N°25 Nude Nº25|$22.899
27|dermocoaching|Vichy|Shampoo Anti Caspa Graso Dercos 200 Ml|$10.599
28|dermocoaching|Vichy|Shampoo Anti Caspa Seco Dercos 200  Ml|$10.599
29|dermocoaching|Vichy|Crema Anti Transpirante 30 Ml|$13.499
30|dermocoaching|Vichy|Desodorante Despigmentante 50 Ml|$12.999
31|dermocoaching|La Roche Posay|Bálsamo Reparador Cicaplast Labios |$5.999
32|dermocoaching|Bioderma|Sebium Hydra Cuidado Rehidratante Intensivo Y Calmante|$14.499
33|dermocoaching|Vichy|Normaderm, Tratamiento Anti Imperfecciones|$18.699
34|dermocoaching|La Roche Posay|Redermic C10 Corrector De Relleno Intensivo Para Piel Con Arrugas|$34.999
35|dermocoaching|La Roche Posay|Shampoo Anticaspa Intensivo Kerium |$17.699
36|dermocoaching|Ducray|Champú Tratante Fisioprotector Sensinol Cuero Cabelludo Sensible Con Picor|$9.999
37|dermocoaching|Eau Thermale Avène|Reflexe Solar Spf50+ Toque Seco   Protección Solar   Todo Tipo De Piel|$5.489
38|dermocoaching|Eau Thermale Avène|Crema Corporal Akérat 10 Pieles Muy Secas, ásperas Y Escamosas.|$15.999
39|dermocoaching|Nuxe|Stick Labial Hidrata, Protege Y Calma Los Labios Castigados|$8.699
40|dermocoaching|Ceraderm|Crema Extra Hidratante Corporal|$15.749
41|dermocoaching|Ceraderm|Spray Hidratante Corporal|$9.990
42|dermocoaching|Perspirex|Antitranspirante Roll On|$9.799
43|dermocoaching|Perspirex|Loción Antitranspirante |$11.499
44|dermocoaching|Klorane|Shampoo De Avena En Seco Para Cabellos Claros|$11.999
45|dermocoaching|Klorane|Shampoo De Avena En Seco Para Cabellos Oscuros|$11.999
46|dermocoaching|Klorane|Shampoo De Manzanilla, Cabellos Rubios|$7.999
47|dermocoaching|Klorane|Bálsamo De Manzanilla, Cabellos Rubios|$9.999
48|dermocoaching|Klorane|Shampoo De Quinina, Caída De Cabello|$7.999
49|dermocoaching|Klorane|Bálsamo De Quinina, Caída De Cabello|$9.999
50|dermocoaching|La Roche Posay|Agua Micelar Para Piel Reactiva 400 ml|$15.299
51|dermocoaching|La Roche Posay|Gel De Limpieza Effaclar|$11.499
52|dermocoaching|La Roche Posay|Desmaquillante Para Piel Sensible|$3.990
53|dermocoaching|Isdin|Máscara Hidrogel Anti Edad|$6.999
54|dermocoaching|SVR|Pack Crema Densitum Reafirmante, Incluye Cosmetiquero|$27.999
55|dermocoaching|SVR|Pack Liftiane Anti Arrugas Y Firmeza, Incluye  Cosmetiquero|$39.999
56|dermocoaching|Filorga|Pack De Viaje, Tratamiento Anti Edad|$29.999
57|dermocoaching|Cetaphil|Toallitas De Limpieza Facial Para Piel Sensible|$7.399
58|dermocoaching|Cerave|Crema Reparadora Para El Contorno De Ojos|$10.099
59|dermocoaching|Cerave|Crema Renovadora De Pies|$10.499
60|dermocoaching|Cerave|Loción Hidratante De Rostro Am|$10.999
61|dermocoaching|Cerave|Loción Hidratante De Rostro Pm|$10.999
62|dermocoaching|Vichy|Idéal Soleil Agua De Protección Solar Bronceadora Fps 30|$10.999
63|dermocoaching|Vichy|Idéal Soleil After Sun |$9.999
64|dermocoaching|Suncare|Protector Solar Para Niños Suncare Kids Spray Fps 50+|$16.999
65|dermocoaching|Suncare 100|Protector Solar Clear Skin Fps 50+ |$18.999
66|dermocoaching|Isdin|Fotoprotector Fusión Water Color|$13.990
67|dermocoaching|Eau Thermale Avène|Leche Nutri Fluida Tri Xera Nutrition Piel Seca De Toda La Famila   Rostro & Cuerpo|$12.990
68|dermocoaching|Essentiel|Lisse, Tratamiento Integral Estrías Y Cicatrices, Sin Color|$39.999
69|dermocoaching|Essentiel|Lisse, Tratamiento Integral Estrías Y Cicatrices, Con Color|$39.999
70|dermocoaching|Essentiel|Rénove, Serum Facial |$39.999
71|dermocoaching|Essentiel|Tonifier, Crema Corporal Reductora|$49.099
72|dermocoaching|Essentiel|Tonifier, Crema Facial Reductora|$19.999
73|dermocoaching|Ducray|Champú Dermoprotector Elution Cuero Cabelludo Reactivo|$9.999
74|dermocoaching|Nuxe|Merveillance Extra .Ojos|$25.999
75|dermocoaching|Nuxe|Merveillance Expert .Cr P/N|$30.999
76|dermocoaching|Nuxe|Nuxuriance Ultra Noche|$32.999
77|dermocoaching|Nuxe|Nuxuriance Ultra Fluid|$32.999
78|dermocoaching|Nuxe|Body Melting Firmming Cr|$32.999
79|dermocoaching|Isdin|Avena Gel De Baño|$13.699
80|dermocoaching|Isdin|Fotop.Pediatrics Cr.Pediatric|$15.999
81|dermocoaching|Isdin|Higiene Pieles Psoriasis|$20.099
82|dermocoaching|Isdin|Protecto Labial F15|$7.599
83|dermocoaching|Isdin|Woman Reafirmante|$12.999
84|dermocoaching|Nutrabalm|Perioral Textura Ligera|$3.990
85|dermocoaching|BABÉ|Ampollas Bicalm+ 2 Uds |$8.399
86|dermocoaching|BABÉ|Ampollas Proteo F+F 10 Uds X2ml|$24.999
87|dermocoaching|BABÉ|Ampollas Vitamina C+ 10 Uds X2ml|$24.999
88|dermocoaching|BABÉ|Ampolla Vitamina C+ 2 Uds X 2ml|$8.499
89|dermocoaching|BABÉ|Shampoo Reparador Calmante|$13.499
90|dermocoaching|Filorga|Lift Structure|$57.499
91|dermocoaching|Filorga| Ncef Night Mask |$48.999
92|dermocoaching|Filorga| Ncef Essence |$39.999
93|dermocoaching|Filorga| Time Filler Night|$54.999
94|dermocoaching|Cetaphil| Gel Ligero Sin Color Sun Fps50+|$11.689
95|dermocoaching|Nuxe|Bálsamo After Shave|$12.599
96|dermocoaching|Ducray|Champú Dermoprotector Extra Suave           |$8.490
97|dermocoaching|Cerave|Agua Micelar Limpiadora|$7.990
98|dermocoaching|SVR|Sensifine Ar Eau Mic|$2.999
99|dermocoaching|Neolucid|Toallas Prehumectadas |$8.099
100|dermocoaching|Ureadin|Pack Rutina Hidratante|$14.999
0|dermocoaching|La Roche Posay|Kit De Viaje Redermic Hyalu C Uv |$8.399
1|dermocoaching|La Roche Posay|Hidratante Anti Rojeces Rosaliac Uv |$24.599
2|dermocoaching|La Roche Posay|Tratamiento Calmante Intensivo Toleriane Ultra|$18.999
3|dermocoaching|La Roche Posay|Tratamiento Hidratante  Hydraphase Intense Legere |$22.999
4|dermocoaching|La Roche Posay|Crema Hidratante Hydraphase Ligera Uv|$24.099
5|dermocoaching|Vichy|Liftactiv Supreme Noche|$29.199
6|dermocoaching|Nuxe|Gel Purificador Micro Exfoliante De Uso Diario Aquabella|$11.999
7|dermocoaching|Nuxe|Loción Tónica Aquabella Reveladora De Belleza|$11.999
8|dermocoaching|Nuxe|Serum Hidratante Crème Fraîche De Beauté|$21.999
9|dermocoaching|La Roche Posay|Gel Purificador Y Limpiador Effaclar  |$16.399
10|dermocoaching|Vichy|Bálsamo After Shave Anti Reacciones|$16.599
11|dermocoaching|Vichy|Espuma De Afeitar Anti Irritaciones|$11.999
12|dermocoaching|Isdin| Gel Crema Contorno De Ojos Ureadin Spf 20|$19.099
13|dermocoaching|La Roche Posay|Crema Unificadora Rosaliac Cc |$25.099
14|dermocoaching|Eau Thermale Avène|Crema Hidratante Enriquecida Spf 20 Hydrance Optimale|$21.999
15|dermocoaching|Isdin|Gel Facial  Anti Edad Glicoisdin 15% |$25.699
16|dermocoaching|Eau Thermale Avène|Emulsión Anti Arrugas Ysthéal Primeros Signos Del Envejecimiento|$28.999
17|dermocoaching|Eau Thermale Avène|Contorno De Ojos Y Labios Ysthéal Primeros Signos Del Envejecimiento|$25.999
18|dermocoaching|Eau Thermale Avène|Cuidado Tri Acnéal Expert Anti Imperfecciones Persistentes|$20.399
19|dermocoaching|Eau Thermale Avène|Cuidado Concentrado Antirojeces|$18.499
20|dermocoaching|Eau Thermale Avène|Aceite Limpiador Relipidizante Xera Calm A.D Pieles Con Tendencia Atópica Y/O Sujetas A Picor.|$16.899
21|dermocoaching|Eau Thermale Avène|Bálsamo Relipidizante Xera Calm A.D Pieles Muy Secas Con Tendencia Atópica Y/O Sujetas A Picor.|$19.499
22|dermocoaching|Eau Thermale Avène|Crema Coloreada Spf 50+ Protección Solar   Pieles Secas|$13.293
23|dermocoaching|SVR|Clairial Crema Spf50+ Manchas Oscuras |$19.690
24|dermocoaching|Isdin|Crema Emoliente E Hidratante Para
Piel Atópica Nutratopic Pro Amp 200ml|$19.499
25|dermocoaching|La Roche Posay|Aceite De Baño Lipikar 200ml|$11.999
26|dermocoaching|Vichy|Dercos Aminexil Clinical Tratamiento Anticaida Hombre |$31.999
27|dermocoaching|La Roche Posay|Shampoo Anticaída Kerium 200ml|$16.899
28|dermocoaching|Vichy|Dercos Aminexil Clinical  Tratamiento Anticaida Mujer |$31.999
29|dermocoaching|La Roche Posay|Desodorante Toilette Phisiologique  50 Ml|$12.499
30|dermocoaching|Emolan|Fotoprotector Solar Fps50+|$10.999
31|dermocoaching|Emolan|Protector Solar Mujer F30+ Spray|$10.999
32|dermocoaching|Bioderma|Sébium H2o Agua Micelar |$12.099
33|dermocoaching|Emolan|Protector Solar Familia F50+|$10.999
34|dermocoaching|Solactive|Protector Solar Reparador De Adn En Crema|$24.999
35|dermocoaching|Solactive|Protector Solar Fluido Reparador De Adn |$24.999
36|dermocoaching|Solactive|Protector Solar Reparador De Adn En Gel|$24.999
37|dermocoaching|Dermatopic|Jabón En Barra Seborregulador|$12.999
38|dermocoaching|Dermatopic|Syndet Hidratante |$13.699
39|dermocoaching|Perspirex|Loción Antitranspirante |$11.499
40|dermocoaching|Filorga|Time Filler Eyes Contorno De Ojos|$43.999
41|dermocoaching|Filorga|Hydra Hyal Serum Hidratante 24 Horas|$53.999
42|dermocoaching|Filorga|Time Zero Suero Multicorreción De Arrugas|$58.499
43|dermocoaching|Bioline|Espuma De Afeitar |$3.399
44|dermocoaching|Cospiel|Tratamiento Hidratante Para Rostro|$14.990
45|dermocoaching|Eucerin| Pack Eucerin Elasticity+Filler Día Y Aceite Facial. Con Rutina Travel Size Y Cosmetiquero.|$40.099
46|dermocoaching|Neostrata|Crema De Noche Facial|$65.699
47|dermocoaching|Neostrata|Tratamiento Intensivo Para Contorno De Ojos |$64.599
48|dermocoaching|Klorane|Shampoo De Ortiga, Cabellos Grasos |$7.999
49|dermocoaching|Klorane|Shampoo De Magnolia, Cabellos Apagados|$7.999
50|dermocoaching|Klorane|Bálsamo De Magnolia, Cabellos Apagados|$9.999
51|dermocoaching|Klorane|Shampoo De Mango, Cabellos Secos|$7.999
52|dermocoaching|Klorane|Bálsamo De Mango, Cabellos Secos|$9.999
53|dermocoaching|Emolan|Protector Solar En Espuma Fps50|$10.999
54|dermocoaching|Eau Thermale Avène|Fluido Solar Anti Edad Spf50+ Protección Solar   Todo Tipo De Piel|$13.293
55|dermocoaching|Eucerin|Crema Facial Aquaporin Active|$21.799
56|dermocoaching|Eau Thermale Avène|Leche Spf50+ Rostro & Cuerpo Protección Solar    Adultos|$11.990
57|dermocoaching|Eucerin|Crema Intensiva Para Piel Seca Y Sensible |$21.299
58|dermocoaching|Eucerin|Exfoliante Oil Control Reductor De Puntos Negros E Impurezas |$13.199
59|dermocoaching|Loceryl|Antimicótico Laca Para Uñas Al 5%|$16.799
60|dermocoaching|Isdin|Fotoprotector Hydrolotion Spf 50 |$17.999
61|dermocoaching|Cetaphil|Pack Tratamiento Hidratante Día Y Noche Con ácido Hialurónico|$30.099
62|dermocoaching|Avène|Pack Tratamiento De Día Y Noche, Hidratante Y Renovador|$27.999
63|dermocoaching|Eau Thermale Avène|Renovador De Piel Ysthéal Intense Efecto Peeling   Alta Tolerancia|$30.999
64|dermocoaching|Avène|Pack Tratamiento Contra El Brillo E Imperfecciones|$19.799
65|dermocoaching|Klorane|Shampoo De Mango Para Cabellos Secos|$11.499
66|dermocoaching|SVR|Serum Clairi Al|$32.499
67|dermocoaching|Nuxe|Serum Anti Dark Spot |$32.999
68|dermocoaching|Nuxe|Emulsionado Aquabella |$18.599
69|dermocoaching|Nuxe|Bálsamos De Labios Reve De Miel |$10.999
70|dermocoaching|Eau Thermale Avène|Leche Nutri Fluida Tri Xera Nutrition Piel Seca De Toda La Famila   Rostro & Cuerpo|$12.990
71|dermocoaching|Eau Thermale Avène|Bálsamo Nutri Fluido Tri Xera Nutrition Piel Seca De Toda La Famila   Rostro & Cuerpo|$12.990
72|dermocoaching|Eau Thermale Avène|Gel Limpiador Cleanance Anti Imperfecciones|$3.699
73|dermocoaching|Eucerin|Protector Solar Corporal Textura Ligera Spf50|$19.999
74|dermocoaching|CellSkinLab| Loción Micelar Aox Micellar Solution |$19.199
75|dermocoaching|SVR|Pack Limpieza + Antiarrugas |$39.999
76|dermocoaching|SVR|Pack Physiopure Eau Micelar+ Clairial Cc Creme Light|$25.990
77|dermocoaching|SVR|Pack Physiopure Eau Micelar+ Clairial Cc Creme Medium|$25.990
78|dermocoaching|Nuxe|Pack Inconique 2019 |$39.999
79|dermocoaching|Nuxe|Pack Set Best Sellers|$29.999
80|dermocoaching|Nuxe|Body Melting Firmming Cr|$32.999
81|dermocoaching|Nuxe|Nuxuriance Ultra Eye Cont .|$26.999
82|dermocoaching|Nuxe|Merveillance Expert .Ser|$31.999
83|dermocoaching|Nuxe|Nuxuriance Ultra Serum|$33.999
84|dermocoaching|Nuxe|Nuxe Duo Rvd Lip Moist Stick|$12.999
85|dermocoaching|Ureadin|Desodorante Roll Antitranspirante|$9.999
86|dermocoaching|BABÉ|Agua Micelar|$12.599
87|dermocoaching|BABÉ|Ampollas Proteo F+F 2 Uds |$8.399
88|dermocoaching|BABÉ|Antiarrugas Efecto Lifting |$26.999
89|dermocoaching|BABÉ|Antiestrías|$20.999
90|dermocoaching|BABÉ|Contorno De Ojos Antie Edad |$25.099
91|dermocoaching|Filorga| Time Filler Night|$54.999
92|dermocoaching|Eucerin|Protector Solar Loción Corporal Anti Edad  Spf50|$17.990
93|dermocoaching|Eucerin|Protector Solar Kids Loción Pocket Size Spf50 |$5.999
94|dermocoaching|Eucerin|Bálsamo Calmante Complementario Facial Dermopure |$18.599
95|dermocoaching|Eucerin|Unguento Reparador Aqua Phor Duo Pack |$4.299
96|dermocoaching|Babe|Pack Fotop.Trans.Wet. Skin|$19.999
97|dermocoaching|SVR|Set Cr.Spf50 X50ml+Apres Soleil|$17.499
98|dermocoaching|SVR|Set Sebia Cr.Spf50 X50ml+Sebia|$15.999
99|dermocoaching|SVR|Set Flu Spf50 50ml+Apres Soleil|$17.499
100|dermocoaching|Cellskinlab|Recover Antipollute |$39.999
0|dermocoaching|La Roche Posay|Kit De Viaje Redermic Hyalu C Uv |$8.399
1|dermocoaching|La Roche Posay|Redermic Tratamiento De Relleno Anti Arrugas Para Contorno De Ojos|$30.699
2|dermocoaching|Vichy|Liftactiv Supreme Contorno De Ojos |$27.999
3|dermocoaching|Vichy|Serum Anti Edad Liftactiv 10 Para Ojos Y Pestañas|$31.499
4|dermocoaching|La Roche Posay|Effaclar Mat|$20.499
5|dermocoaching|Vichy|Loción Desmaquillante Purete Thermal Micelar|$11.199
6|dermocoaching|Vichy|Idéalia Tratamiento De Día|$29.799
7|dermocoaching|La Roche Posay|Gel Purificador Y Limpiador Effaclar  |$16.399
8|dermocoaching|Eau Thermale Avène|Crema Hidratante Ligera Spf 20 Hydrance Optimale|$21.999
9|dermocoaching|Vichy|Aqualia Thermal Ligera, Crema Hidratante|$21.990
10|dermocoaching|La Roche Posay|Bálsamo Reparador Lipikar Baume |$24.199
11|dermocoaching|La Roche Posay|Desmaquillante Solución Micelar Fisiológica|$15.299
12|dermocoaching|La Roche Posay|Crema Anti Imperfecciones Effaclar Duo |$21.199
13|dermocoaching|La Roche Posay|Serum Despigmentante Pigmentclear |$33.699
14|dermocoaching|Ceraderm|Leche Hidratante Corporal|$19.499
15|dermocoaching|Isdin|Gel Facial Antiedad Glicoisdin 8% 50 grs|$36.799
16|dermocoaching|Isdin| Gel Facial  Anti Edad Glicoisdin 10%  50 ml|$24.699
17|dermocoaching|Isdin| Gel Facial  Anti Edad Glicoisdin 25% 50 ml|$29.599
18|dermocoaching|Eau Thermale Avène|Cuidado Concentrado Antirojeces|$18.499
19|dermocoaching|Eau Thermale Avène|Emulsión Hidratante Protectora Antirojeces Día Spf 20 |$21.999
20|dermocoaching|Eau Thermale Avène|Crema Para Pieles Intolerantes|$20.499
21|dermocoaching|Ducray|Cuidado De Ataque Melascreen Despigmentante Manchas Oscuras Localizadas|$25.999
22|dermocoaching|Isdin|Loción Ultrahidratante Crema Ureadin Rx 20%|$16.399
23|dermocoaching|Eau Thermale Avène|Crema Anti Arrugas Ysthéal Primeros Signos Del Envejecimiento|$28.999
24|dermocoaching|Isdin|Loción Hidratación Prolongada Piel Normal Ureadin 3% 500ml|$9.990
25|dermocoaching|Eau Thermale Avène|Crema Hidratante Tolerance Extreme Pieles Hipersensibles|$20.499
26|dermocoaching|Isdin|Crema Hidratante Ureadin Para Piel Seca 5% 50ml|$19.499
27|dermocoaching|SVR|Densitium, Crema De Rostro Redensificante Para Piel Normal|$20.999
28|dermocoaching|SVR|Crema Anti Edad Hydracid C20 30ml|$27.099
29|dermocoaching|Isdin|Fotoprotector Solar Active Oil Fps30. 200ml|$18.099
30|dermocoaching|Eucerin| Protector Solar Facial Toque Seco Fps50 En Gel/Crema|$12.990
31|dermocoaching|Vichy|Shampoo Sebo Corrector Dercos Para Cabello Graso 200 Ml|$10.999
32|dermocoaching|La Roche Posay|Crema Protectora Rehidratante Hydraphase Intense Uv Riche 40ml|$24.099
33|dermocoaching|La Roche Posay|Contorno De Ojos Hidratante Hydraphase Intense Ojos 15ml|$22.299
34|dermocoaching|Bagóvit A|Crema Corporal Hipoalergénica |$8.499
35|dermocoaching|Bagóvit A|Emulsión Nutritiva Humectante Para Cuerpo|$11.999
36|dermocoaching|Ducray|Champú Crema Estimulante Anticaída Anaphase+ Complemento De Los Tratamientos Anticaída|$6.999
37|dermocoaching|La Roche Posay|Pack Tratamiento Anti  Arrugas Redermic Uv + Mini Máscara|$27.499
38|dermocoaching|Vichy|Leche Desmaquillante Pureté Thermale|$10.499
39|dermocoaching|Dermatopic|Jabón Para La Seborregulación|$14.499
40|dermocoaching|Avène|Pack Solar Compacto Coloreado Dorado Spf 50 + Agua Termal 50ml |$17.499
41|dermocoaching|Eau Thermale Avène|Leche Para Niños Spf50+ Rostro & Cuerpo Protección Solar    Niños|$11.990
42|dermocoaching|Eau Thermale Avène|Crema Zonas Localizadas Akérat 30 Pieles Muy Secas, ásperas Y Escamosas.|$15.999
43|dermocoaching|Eau Thermale Avène|Cuidado Cleanance Expert Anti Imperfecciones Ligeras A Moderadas|$18.999
44|dermocoaching|Neostrata|Crema Reafirmante Para Cuello Y Escote|$54.199
45|dermocoaching|Neostrata|Crema De Día Con Spf 30|$64.099
46|dermocoaching|Neostrata|Sérum Antiage Para Rostro|$46.199
47|dermocoaching|Masivol|Gel Hidratante Para Rostro, Ideal Para Pieles Mixtas A Grasas|$21.999
48|dermocoaching|Vichy|Leche Corporal Para Hidratar Ideal Body |$11.999
49|dermocoaching|Klorane|Máscara Capilar De Mango, Cabellos Secos|$19.499
50|dermocoaching|Klorane|Shampoo De Granada, Cabellos Tinturados|$7.999
51|dermocoaching|Klorane|Bálsamo De Granada, Cabellos Tinturados|$9.999
52|dermocoaching|La Roche Posay|Agua Micelar Para Pieles Grasas Effaclar|$14.599
53|dermocoaching|Isdin|Fotoprotector Pediatrics Baby Mineral 50+|$13.999
54|dermocoaching|Isdin|Fotoprotector Fusion Air|$15.999
55|dermocoaching|Speed Stick|Desodorante En Barra Fresh |$3.299
56|dermocoaching|Eau Thermale Avène|Emulsión Hidratante Tolerance Extreme Pieles Hipersensibles|$20.499
57|dermocoaching|Emolan|Protector Solar Facial Fps30|$8.999
58|dermocoaching|Fex| Crema Despigmentante |$24.999
59|dermocoaching|Isdin|Alsora, Loción Emoliente |$21.199
60|dermocoaching|Isdin|Loción After Sun Efecto Calmante Refrescante |$9.599
61|dermocoaching|Exomega|Bálsamo Coporal Emoliente Pieles Atópicas|$22.499
62|dermocoaching|Cluny|Pack Facial Hydra Active|$7.990
63|dermocoaching|Secalia |Bálsamo Relipidizante Corporal|$14.899
64|dermocoaching|Bodytone|Leche Aclaradora E Hidratante Corporal|$30.099
65|dermocoaching|CellSkinLab|Serum Anti Edad Restore R10|$45.599
66|dermocoaching|Isdin|Ureadin Ultra 10, Loción Corporal Hidratante |$15.999
67|dermocoaching|La Roche Posay|Anthelios Sun Intolerance Fps 50+|$19.799
68|dermocoaching|Nuxe|Fluido Anti Manchas Spf20         |$32.999
69|dermocoaching|Nuxe|Rutina Facial |$39.499
70|dermocoaching|Nuxe|Protector Solar Sun Milky Medium Spf50 |$21.999
71|dermocoaching|Nuxe|Protector Solar Sun Milky Medium Versión Roland Garros|$21.499
72|dermocoaching|CellSkinLab|Protector Solar Facial Aox Photoprotector Spf 50+ |$17.299
73|dermocoaching|SECALIA|Emoliente Corporal Secalia Aha Queratorreductor|$14.899
74|dermocoaching|SECALIA|Crema Emoliente Intensa Secalia Ultra |$14.899
75|dermocoaching|SVR|Topialyse Gel Lavant |$19.999
76|dermocoaching|SVR|Topialyse Huile Lavante Micellaire 400 Ml|$16.999
77|dermocoaching|Nuxe| Reve De Miel Body Cr.X200ml|$18.499
78|dermocoaching|Nuxe|Pack Nuxellance Set |$23.990
79|dermocoaching|Filorga|Pack Wrinkle Free|$53.099
80|dermocoaching|Avène|Pack Dermasolu Serum  Anti Edad|$32.999
81|dermocoaching|Avène|Pack Physiolift Ojos Antiedad |$27.999
82|dermocoaching|Eau Thermale Avène|Crema Reparadora Cicalfate Irritaciones De Toda La Familia|$2.990
83|dermocoaching|HIDRAFEMME|Hidrafemme 8 Aplic. Desech.|$11.499
84|dermocoaching|Betaloc Zok|Metoprolol 200 Mg Oral Solido|$37.899
85|dermocoaching|Kumiko|Matcha Luxurious Face Wash|$22.349
86|dermocoaching|Filorga|Hydra Filler Mask|$7.999
87|dermocoaching|Eau Thermale Avène|Agua Micelar Desmaquillante Cleanance Anti Imperfecciones 400 ml|$15.499
88|dermocoaching|BABÉ|Crema Cuidado Del Pezón |$13.599
89|dermocoaching|BABÉ|Crema De Manos Reparadora|$8.399
90|dermocoaching|BABÉ|Fluido Hidra Calm|$18.999
91|dermocoaching|BABÉ|Fotop. Facial 50+ Textura Ligera|$12.749
92|dermocoaching|BABÉ|Fotop. Facil Oil Free 50+ T.Se|$12.749
93|dermocoaching|Eucerin|Loción Corporal Ligera Ph5 |$21.599
94|dermocoaching|Eucerin|Sun Oil Control  50 Ml+ Hyaluron Filler  Mist 150 Ml|$19.990
95|dermocoaching|Eau Thermale Avène|Pack Anti Imperfecciones De Protección Solar Y Limpieza Para Las Pieles Grasas|$11.899
96|dermocoaching|Essentiel| Jabón Limpieza Facial Piel Seca|$14.999
97|dermocoaching|Cellskinlab| Recover Copper P |$39.999
98|dermocoaching|Ureadin| Hand Cr. Plus Repair |$8.799
99|dermocoaching|Isdin| Deo Roll On Lambda Con Fresh|$8.999
100|dermocoaching|Isdin| Repar.Lab.Stick |$4.999
0|dermocoaching|La Roche Posay|Kit De Viaje Redermic Hyalu C Uv |$8.399
1|dermocoaching|Eau Thermale Avène|Compacto Coloreado Spf50 Protección Solar    Todo Tipo De Piel|$17.499
2|dermocoaching|Isdin|Crema Que Previene Y Repara El Daño Actínico Eryfotona Ak Nmsc|$21.999
3|dermocoaching|Isdin|Fluido Que Previene Y Repara El Daño Actínico Eryfotona Ak Nmsc Spf50|$22.999
4|dermocoaching|Isdin|Fotoprotector Crema Gel  Dry Touch Color  Spf50|$19.399
5|dermocoaching|Isdin|Fotoprotector En Spray Wet Skin Pediatrics Spf 50|$18.499
6|dermocoaching|La Roche Posay|Serum Despigmentante Pigmentclear |$33.699
7|dermocoaching|Eau Thermale Avène|Crema Reparadora Cicalfate Irritaciones De Toda La Familia|$9.999
8|dermocoaching|Eau Thermale Avène|Gel Limpiador Cleanance Anti Imperfecciones|$7.490
9|dermocoaching|Eau Thermale Avène|Crema Cold Cream Zonas Muy Secas Del Rostro Y Cuerpo|$10.999
10|dermocoaching|Aderma|Dermalibour+, Crema Reparadora|$5.299
11|dermocoaching|Eau Thermale Avène|Crema Relipidizante Xera Calm A.D Pieles Secas Con Tendencia Atópica Y/O Sujetas A Picor. 200 ml|$19.499
12|dermocoaching|Isdin|Bálsamo Reparador Labial Acniben Rx|$8.499
13|dermocoaching|Isdin|Gel Crema Hidratante, Aliviante Y Reparadora Acniben Repair|$14.799
14|dermocoaching|Cetaphil|Emulsión Hidratante Para Piel Seca Y Sensible|$27.999
15|dermocoaching|Cetaphil|Cetaphil Dermacontrol/Pro Espuma|$21.999
16|dermocoaching|Cetaphil|Loción Limpiadora De Rostro Para Piel Normal Y Grasa|$25.199
17|dermocoaching|Cetaphil|Cetaphil Dermacontrol/ Pro Ac .Spf30 |$18.899
18|dermocoaching|Isdin|Crema Facial Antiedad Glicoisdin|$36.999
19|dermocoaching|Eucerin|Loción Facial Limpiadora Ultra Sensitive 100 Ml|$12.999
20|dermocoaching|Eucerin| Crema Facial Fluida Para Piel Ultra Sensible|$16.999
21|dermocoaching|Eucerin|Desodorante Roll On Sensitive Skin 24hrs. Piel Sensible   |$8.299
22|dermocoaching|Eucerin|Bloqueador Solar Kids Sun Loción Fps 50+|$19.999
23|dermocoaching|Vichy|Aqualia Thermal Rica Tratamiento Hidratante|$22.999
24|dermocoaching|La Roche Posay|Balsamo Reparador Cicaplast 40ml|$18.199
25|dermocoaching|La Roche Posay|Bálsamo Corporal Lipikar Baume Ap+ 200ml|$18.999
26|dermocoaching|Vichy|Normaderm, Solución Micelar|$10.999
27|dermocoaching|Vichy|Liftactiv Supreme Uv Día|$29.199
28|dermocoaching|CellSkinLab|C+E Suero Antiedad Con Efecto Antioxidante|$42.099
29|dermocoaching|CellSkinLab|Eye Advance Contorno De Ojos Con Acción Lifting|$41.499
30|dermocoaching|CellSkinLab|Eye Cream Corrector De Bolsas, Arrugas Y Ojeras|$36.999
31|dermocoaching|CellSkinLab|Hydragel B5 Suero Gel Hidratante Para Todo Tipo De Pieles|$24.999
32|dermocoaching|La Roche Posay|Toleriane Máscara Waterproof|$16.699
33|dermocoaching|La Roche Posay|Barra De Limpieza Profunda Effaclar Para Pieles Sensibles|$9.799
34|dermocoaching|La Roche Posay|Toleriane Base Fluida N°11 Para Pieles Sensibles|$24.999
35|dermocoaching|La Roche Posay|Compacto Anthelios Xl Spf 50+ Tono N°1|$25.699
36|dermocoaching|La Roche Posay|Lipikar Fluido Hidratante Y Calmante Para Piel Sensible Y Seca|$18.299
37|dermocoaching|SVR|Hydraliane Bb Medium, Crema Hidratante|$17.199
38|dermocoaching|SVR|Hydraliane Legere, Crema Hidratante|$15.499
39|dermocoaching|SVR|Liftiane Yeux+Levres, Crema Anti Arrugas Para Ojos Y Labios|$18.999
40|dermocoaching|Eau Thermale Avène|Crema Calmante Cleanance Hydra Complemento De Los Tratamientos Anti Acne|$16.999
41|dermocoaching|Eau Thermale Avène|Leche Limpiadora Suavizante|$12.999
42|dermocoaching|Cetaphil|Loción Limpiadora Para Piel Sensible Y Seca|$19.199
43|dermocoaching|Nuxe|Loción After Sun|$14.699
44|dermocoaching|Vichy|Protector Solar Idéal Soleil Anti Imperfecciones Fps30 |$12.990
45|dermocoaching|Vichy|Mascarilla Hidratante Para Rostro Purete Thermal |$4.399
46|dermocoaching|Vichy|Mascarilla Purificante Para Rostro Purete Thermal |$4.399
47|dermocoaching|Vichy|Mascarilla Iluminadora Para Rostro Purete Thermal|$4.399
48|dermocoaching|Vichy|Agua Termal Vichy |$15.999
49|dermocoaching|Medblock|Base De Maquillaje Con Protector Solar 50+|$22.999
50|dermocoaching|Eau Thermale Avène|Crema Nutritiva Revitalizante|$21.999
51|dermocoaching|SVR|Sun Secure, Protector Solar Fluido Spf50|$15.990
52|dermocoaching|SVR|Sun Secure, Protector Solar En Crema Spf50+|$17.490
53|dermocoaching|SVR|Sun Secure, Protector Solar Blur Spf50+|$13.990
54|dermocoaching|Fex| Crema Despigmentante |$24.999
55|dermocoaching|Heliocare|Protector Solar Com Oil Free Fps50+ Color Light. #EFBE93|$23.999
56|dermocoaching|Heliocare|Protector Solar En Gel Incoloro Fps50|$18.999
57|dermocoaching|Casaderma|Pilopeptan Woman, Tratamiento Anticaída |$26.499
58|dermocoaching|Casaderma|Pilopeptan, Loción Capilar Anticaída|$25.799
59|dermocoaching|Casaderma|Genomask Mascarilla Flash Effect|$33.299
60|dermocoaching|Casaderma|Pilopeptan Woman Serum, Tratamiento Reparador Capilar|$23.699
61|dermocoaching|Casaderma|Pilopeptan, Shampoo Anticaída|$22.699
62|dermocoaching|La Roche Posay|Bruma Matificante Serozinc, Anti Poros Dilatados|$4.299
63|dermocoaching|La Roche Posay|Anthelios Sun Intolerance Fps 50+|$19.799
64|dermocoaching|Polysianes|Gel After Sun 547 ml|$7.999
65|dermocoaching|Gillette|Espuma De Afeitar Prestobarba Sensitive Piel Sensible|$1.499
66|dermocoaching|Eau Thermale Avène|Fluido Anti Imperfecciones Cleanance Spf50+ Protección Solar   Pieles Grasas Con Imperfecciones|$11.893
67|dermocoaching|Eau Thermale Avène|Fluido Con Color Mat Perfect Spf50+  Protección Solar   Pieles Normales A Mixtas|$12.593
68|dermocoaching|Eau Thermale Avène|Fluido Ultra Mat Spf50+ Protección Solar   Pieles Normales A Mixtas|$12.593
69|dermocoaching|Avène|Pack Duo Cold Cream Manos|$9.799
70|dermocoaching|Klorane|Acondicionador Ylang  Ylang |$6.999
71|dermocoaching|Klorane|Spray Ylang  Ylang |$10.149
72|dermocoaching|Klorane|Shampoo Ylang Ylang|$5.599
73|dermocoaching|Nuxe|Huile Prodigieuse Dry Oil X100ml|$27.499
74|dermocoaching|Nuxe| Huile Prodigieuse Dryoil Or X50ml|$21.999
75|dermocoaching|Nuxe|Reve De Miel Body Scrub X175ml|$22.499
76|dermocoaching|Nuxe|Huile Prodigieuse Dry Oil X50ml|$16.499
77|dermocoaching|Nuxe|H.Prodigieuse Dryoil X100ml|$27.499
78|dermocoaching|Eucerin|Pack Hyaluron Filler Elasticity Día Y Noche |$28.990
79|dermocoaching|Eucerin|Pack Hyaluron Filler Serum Y Peeling Día Y Noche|$34.999
80|dermocoaching|SVR|Xerial Mas .Exfoliante|$23.999
81|dermocoaching|Nuxe|Merveillance Expert .Noche|$30.999
82|dermocoaching|Klorane|Shampoo Quinina|$11.999
83|dermocoaching|SVR|Concentrado Rellenador Hydraliane Essence |$23.699
84|dermocoaching|SVR|Xerial Fissures Et Creva|$9.999
85|dermocoaching|BABÉ|Fotop. Transparente Wet Skin Spf|$14.999
86|dermocoaching|BABÉ|Gel Micelar Calmante |$12.599
87|dermocoaching|BABÉ|Gel Secante  |$12.999
88|dermocoaching|BABÉ|Hidrante Matificante |$22.099
89|dermocoaching|BABÉ|Hidro 24 Horas Ligera|$17.799
90|dermocoaching|Eau Thermale Avène|Crema Relipidizante Xera Calm A.D Pieles Secas Con Tendencia Atópica Y/O Sujetas A Picor. 400 ml|$24.999
91|dermocoaching|Eau Thermale Avène|Pack Ritual Hidratación Profunda|$21.990
92|dermocoaching|Eau Thermale Avène|Pack Ritual Esencial De Día
Densidad Y Vitalidad|$30.990
93|dermocoaching|ALLERGIKA | Crema Corporal Urea 5%|$12.099
94|dermocoaching|NIVEA |Crema Multipropósito Soft Mix It  Oasis |$2.999
95|dermocoaching|Eucerin FACE|Pack Protección + Relleno Anti  Arrugas Piel Mixta|$39.999
96|dermocoaching|Isdin|Prot Lab.Spf30|$4.999
97|dermocoaching|Ureadin|Hand Cr.Plus Protec|$5.999
98|dermocoaching|SVR| Sebiaclear Serum |$18.499
99|dermocoaching|SVR|Topialyse Baume Sp|$22.199
100|dermocoaching|SVR|Pack Jab Aceite X500+Jab.X100ml|$17.999
0|dermocoaching|La Roche Posay|Kit De Viaje Redermic Hyalu C Uv |$8.399
1|dermocoaching|Isdin|Fotoprotector Isdin Con ácido Hialurónico Spf 50+ |$18.999
2|dermocoaching|Isdin|Fotoprotector Fluido Fusión Color Spf 50|$18.999
3|dermocoaching|Isdin|Fotoprotector Fusion Fluido Mineral Spf 50+|$15.499
4|dermocoaching|Isdin|Fotoprotector Fusión Gel  Spf50 |$15.999
5|dermocoaching|Bioderma|Sensibio Forte, Crema Facial Para Pieles Sensibles E Intolerantes |$15.299
6|dermocoaching|Bioderma|Sensibio Ds Crema Antiirritante Para Pieles Seboescamosas|$14.999
7|dermocoaching|Bioderma|Sebium Gel Purificante Para Pieles Grasas|$13.399
8|dermocoaching|Isdin|Bálsamo Reparador Labial Acniben Rx|$8.499
9|dermocoaching|Isdin|Toallitas Higienizantes Acniben|$8.699
10|dermocoaching|Isdin|Desodorante Roll On Germisdin Rx|$10.999
11|dermocoaching|Isdin|Gel Para Pies Secos Ureadin|$10.899
12|dermocoaching|Cetaphil|Pro Ad Control Hidratación|$24.999
13|dermocoaching|Cetaphil|Loción Ultra Humectante Para Rostro Y Cuerpo|$25.199
14|dermocoaching|Cetaphil|Hidratante Facial Diario Fps 50 |$18.599
15|dermocoaching|Cetaphil|Barra Limpiadora Ab Para Pieles Secas Y Sensibles |$14.899
16|dermocoaching|Eucerin|Loción Hidratante Corporal Da Control 400ml|$22.299
17|dermocoaching|Vichy|Liftactiv Supreme Uv Día|$29.199
18|dermocoaching|La Roche Posay|Crema Hidratante Compensadora Effaclar H 40ml|$19.799
19|dermocoaching|La Roche Posay|Gel Limpieza Lipikar Syndet Ap+|$16.999
20|dermocoaching|Vichy|Desodorante Y Antitranspirante En Spray|$12.999
21|dermocoaching|CellSkinLab|Phytospot  Suero Corrector Despigmentante Y Aclarante De La Piel|$26.999
22|dermocoaching|CellSkinLab|Serum 15 Suero Antioxidante Y Antienvejecimiento|$37.599
23|dermocoaching|CellSkinLab|Crema Ultra Hidratante Y Revitalizante De La Piel Skin Moisturizer|$35.999
24|dermocoaching|Ducray|Crema Ligera Toque Seco Spf50+ Melascreen Uv Protección Solar Anti Manchas Y Foto Envejecimiento|$12.599
25|dermocoaching|Vichy|Anti Transpirante Homme En Spray Para Hombres|$12.999
26|dermocoaching|La Roche Posay|Gel Crema Autobronceante |$17.699
27|dermocoaching|Isdin|Gel Fotoprotector Dry Touch |$17.899
28|dermocoaching|SVR|Sebiaclear Mat Pores, Crema Sebo Regulador Anti Poros Dilatados|$14.299
29|dermocoaching|CellSkinLab|C+Aha Suero Antiedad Antioxidante Para Pieles Grasas Y Mixtas|$34.999
30|dermocoaching|Eucerin|Loción Limpiadora Baño Y Shampoo Para Bebé|$15.199
31|dermocoaching|Eucerin|Crema Corporal Para Bebés Piel Sensible |$19.999
32|dermocoaching|Ruboril|Solución Micelar Ideal Para Pieles Con Enrojecimiento|$13.999
33|dermocoaching|SVR|Densitium, Pack De Cremas Con Cosmetiquero|$22.999
34|dermocoaching|SVR|Densitium, Pack De Cremas Riche Con Cosmetiquero|$22.999
35|dermocoaching|SVR|Physiopure, Pack De Limpiadores|$18.499
36|dermocoaching|Isdin|Máscara Hidrogel Matificante|$5.999
37|dermocoaching|Leti AT4|Crema Corporal Para Pieles Atópicas|$19.999
38|dermocoaching|Neoretin|Sérum Despigmentante Facial|$34.199
39|dermocoaching|Neosolets|Neosolets 10% Aha Gel De 100ml|$27.999
40|dermocoaching|Neosolets|Neosolets 15% Aha Gel De 100ml|$28.599
41|dermocoaching|SVR|Pack De Cremas Densitium Creme Riche Antiedad, Incluye Bolso|$39.990
42|dermocoaching|SVR|Pack De Cremas Liftiane Creme Riche Antiedad, Incluye Bolso |$39.990
43|dermocoaching|Eucerin|Pack Antiarrugas Hyaluron Filler +Elasticity Con Aceite Facial|$43.899
44|dermocoaching|La Roche Posay|Bruma Matificante Serozinc, Anti Poros Dilatados|$4.299
45|dermocoaching|Vichy|Pack Ideal Body Crema De Manos Y Bálsamo Labial |$8.199
46|dermocoaching|La Roche Posay|Toleriane Sensitive|$14.999
47|dermocoaching|Avène|Pack Protector Solar Fluido Ultra Mat Spf50 + Ata |$12.599
48|dermocoaching|Isdin|Fotoprotector Ultra Age Repair Water|$15.119
49|dermocoaching|Eau Thermale Avène|Gel Limpiador Cleanance Anti Imperfecciones|$16.999
50|dermocoaching|Klorane|Shampoo En Seco |$17.999
51|dermocoaching|Ducray|Tratamiento Anticaída Del Cabello Anacaps Activ+ & Champú Crema Estimulante Anticaída Anaphase+|$15.999
52|dermocoaching|Vichy|Pack Slow Age Navidad Navidad 2020|$22.990
53|dermocoaching|SVR|Topialyse Cremas De Manos Pack Duo |$11.099
54|dermocoaching|SVR|Physiopure Gel Limpiador Espumoso Pack Duo|$16.999
55|dermocoaching|SVR|Clairial Crema Antimanchas Spf50+ |$23.499
56|dermocoaching|SVR|Clairial Crema Con Color Spf50+ Light |$22.999
57|dermocoaching|Kumiko|Matcha Perfectly Radiant Boost|$16.949
58|dermocoaching|Kumiko|Matcha Perfect Skin Refiner|$51.449
59|dermocoaching|Kumiko|Matcha Lift Filler Booster|$51.599
60|dermocoaching|SVR|Xerial Fissures Et Creva|$9.999
61|dermocoaching|Nuxe|Pack Duo Rvd Hand And Nails|$11.999
62|dermocoaching|Nuxe|Set Body Routine|$46.490
63|dermocoaching|Filorga|Time Filler Mask|$7.999
64|dermocoaching|BABÉ|Hidro 24 Horas Piel Reactiva |$17.899
65|dermocoaching|BABÉ|Hidro 24 H Crema Gel |$17.799
66|dermocoaching|BABÉ|Hidro Exfoliante Confort |$13.599
67|dermocoaching|BABÉ|Hidronutritiva Pro. Spf 20|$20.999
68|dermocoaching|Eucerin FACE|Pack Eucerin Hidratación Profunda + Relleno Anti Arrugas Piel Seca|$28.399
69|dermocoaching|Eucerin FACE|Pack  Elasticidad Relleno Antiarrugas Piel Madura|$43.899
70|dermocoaching|Eucerin FACE|Pack Fotoprotección Anti Edad & Hidratación Duradera|$21.899
71|dermocoaching|SVR| Densitium Rose Eclat |$28.099
72|dermocoaching|Essentiel| Jab.Limp.Facial Piel Grasa|$14.999
73|dermocoaching|Essentiel|Jab.Limp.Facial Piel Mixta|$14.999
74|dermocoaching|Essentiel| Jab.Esp.Piel Sensible|$14.999
75|dermocoaching|Casaderma|Perfection Natural Fotoprotector Con Brocha #E6C5D5|$39.099
76|dermocoaching|Vichy|Liftactiv Collagen Specialist|$32.999
77|dermocoaching|Vichy|Liftactiv Hyalu Mask|$34.999
78|dermocoaching|Cerave|Limpiadora Hidratante  473 Ml 473 ml|$10.999
79|dermocoaching|Cerave|Gel Limpiador Espumoso 473 Ml 473 ml|$10.999
80|dermocoaching|Cerave|Loción Hidratante 237 Ml 237 ml|$7.499
81|dermocoaching|Cerave|Loción Hidratante 473 Ml 473 ml|$11.099
82|dermocoaching|Cerave|Crema Hidratante 340 Ml 340 ml|$10.999
83|dermocoaching|Cerave|Crema Hidratante 454 Ml 454 ml|$13.999
84|dermocoaching|La Roche Posay|   Hidratante Corporal Iso Urea Fluido|$27.899
85|dermocoaching|Lip Ice|Protector Labial Fps20 Sabor Cereza Mint Limonada tropical|$2.799
86|dermocoaching|Lip Ice|Protector Labial Fps20 Sabor Frambuesa Intensa Limonada tropical|$2.799
87|dermocoaching|Aderma|Bálsamo Corporal Hidratante|$15.999
88|dermocoaching|Ducray|Tratamiento Anticaída Del Cabello Anacaps Activ+ Complemento Alimenticio 30 Cápsulas|$10.989
89|dermocoaching|Dermablend|Base De Maquillaje Par Imperfecciones Tono Natural #E6C5D5|$24.999
90|dermocoaching|Dermablend|Base De Maquillaje Par Imperfecciones Tono Arena #DFA27C|$24.999
91|dermocoaching|Dermablend|Base De Maquillaje Par Imperfecciones Tono Bronce #DC9772|$24.999
